
-- UTENTE --

INSERT INTO UTENTE (Username, Email, pw, PartitaIva, Nome, Cognome) --1
VALUES ('Admin1', 'giovanni.riccio6@studenti.unina.it', 'admin', '00000000001', 'Giovanni', 'Riccio');
INSERT INTO UTENTE (Username, Email, pw, PartitaIva, Nome, Cognome) --2
VALUES ('Admin2', 'gen.nappo@studenti.unina.it', 'admin', '00000000002', 'Gennaro', 'Nappo');
INSERT INTO UTENTE (Username, Email, pw, PartitaIva, Nome, Cognome) --3
VALUES ('Giudil', 'giulio.dilorenzo@gmail.com', 'a1b2c3', '73291990775', 'Giulio', 'Di Lorenzo');
INSERT INTO UTENTE (Username, Email, pw, PartitaIva, Nome, Cognome) --4
VALUES ('Irmluc', 'irma.lucciano@gmail.com', 'd4e5f6', '48645480756', 'Irma', 'Lucciano');
INSERT INTO UTENTE (Username, Email, pw, PartitaIva, Nome, Cognome) --5
VALUES ('Rosbru', 'rosario.bruno@gmail.com', 'g7h8i9', '31265250287', 'Rosario', 'Bruno');
INSERT INTO UTENTE (Username, Email, pw, PartitaIva, Nome, Cognome) --6
VALUES ('Waffer', 'walter.fallacci@gmail.com', 'l0m1n2', '73073560895', 'Walter', 'Fallacci');
INSERT INTO UTENTE (Username, Email, pw, PartitaIva, Nome, Cognome) --7
VALUES ('Benriz', 'bene.rizzo@gmail.com', 'o2p4q5', '39364160828', 'Benedetta', 'Rizzo');
INSERT INTO UTENTE (Username, Email, pw, PartitaIva, Nome, Cognome) --8
VALUES ('DonRodrigo', 'manzoni.lover@libero.it', 'amolucia1327', '43511610404', 'Rodrigo', 'Padovano');
INSERT INTO UTENTE (Username, Email, pw, Nome, Cognome) --9
VALUES ('Flomil', 'floramilano@outlook.com', 'r6s7t8','Flora', 'Milano');
INSERT INTO UTENTE (Username, Email, pw, Nome, Cognome) --10
VALUES ('Corinnio', 'corinna.onnio88@gmail.com', 'pretzel15', 'Corinna', 'Onnio');
INSERT INTO UTENTE (Username, Email, pw, Nome, Cognome) --11
VALUES ('Etzio', 'ettore.mazzanti@libero.it', 'u9v0z1', 'Ettore', 'Mazzanti');
INSERT INTO UTENTE (Username, Email, pw, Nome, Cognome) --12
VALUES ('Elio69', 'eliogreco68@outlook.com', 'ilovechimica12', 'Elio', 'Greco');
INSERT INTO UTENTE (Username, Email, pw, Nome, Cognome) --13
VALUES ('Fernindx', 'Fernando.napoli@libero.it', 'Napoli2003', 'Fernando', 'Arcuri');
INSERT INTO UTENTE (Username, Email, pw, Nome, Cognome) --14
VALUES ('CatCat', 'cat.lover.2002@gmail.com', 'animeloverNYA', 'Caterina', 'Cattaneo');
INSERT INTO UTENTE (Username, Email, pw, Nome, Cognome) --15
VALUES ('ConteDiCavour', 'Camillo.purosangue@outlook.com', 'prince123', 'Camillo', 'Bellucci');
INSERT INTO UTENTE (Username, Email, pw, Nome, Cognome) --16
VALUES ('Baguette', 'rosetta.scarpetta@paninarodifiducia.it', 'ilovebakery33', 'Luciano', 'Pagnotto');
INSERT INTO UTENTE (Username, Email, pw, Nome, Cognome) --17
VALUES ('Imma', 'hounferrointasca@gmail.com', 'ak-42<3', 'Imma', 'Ferri');
INSERT INTO UTENTE (Username, Email, pw, Nome, Cognome) --18
VALUES ('Porticata', 'sara.cinesca@libero.it', 'sarachiusa?', 'Sara', 'Cinesca');
INSERT INTO UTENTE (Username, Email, pw, Nome, Cognome) --19
VALUES ('ErPupone', 'ilary.mi.ha.lasciato@roma.it', 'Siefragatairolex', 'Francesco', 'Totti');
INSERT INTO UTENTE (Username, Email, pw, Nome, Cognome) --20 
VALUES ('Leoncino', 'ilkingdellagiungla@gmail.com', 'Staseramisentounleone33', 'Leon', 'Cino');
INSERT INTO UTENTE (Username, Email, pw, Nome, Cognome) --21
VALUES ('Cruzz_o_portier', 'popopopo@gmail.com', 'fozzanapoli', 'Ciro', 'Esposito');
INSERT INTO UTENTE (Username, Email, pw, Nome, Cognome) --22
VALUES ('Bocciolo', 'pratofiorito@outlook.com', 'fiordariso11', 'Fiore', 'Dell Orto');
INSERT INTO UTENTE (Username, Email, pw, Nome, Cognome) --23
VALUES ('Afreducciopanevino', 'dalcaldo.alfredo@gmail.com', 'microonde69', 'Alfredo', 'Dal Caldo');
INSERT INTO UTENTE (Username, Email, pw, Nome, Cognome) --24
VALUES ('Morfeo13', 'russo.felice@studenti.unina.it', 'Pisolino41', 'Felice', 'Russo');
INSERT INTO UTENTE (Username, Email, pw, Nome, Cognome) --25
VALUES ('PenneRigateN11', 'labarillafaschifo@gmail.com', 'Cavatelli11', 'Gustavo', 'La Pasta');
INSERT INTO UTENTE (Username, Email, pw, Nome, Cognome) --26
VALUES ('Prosteyshiy Sputnik-1', 'massimo.ingegno@studenti.unina.it', 'E=mc^2', 'Massimo', 'Ingegno');
INSERT INTO UTENTE (Username, Email, pw, Nome, Cognome) --27
VALUES ('Macinino45', 'pepe.rosa@saliera.net', 'Himalaya33', 'Rosa', 'Pepe');
INSERT INTO UTENTE (Username, Email, pw, Nome, Cognome) --28
VALUES ('IlPapaRegna', 'abbasso.putin@outlook.com', 'peaceandlove22', 'Perla', 'Pace');
INSERT INTO UTENTE (Username, Email, pw, Nome, Cognome) --29
VALUES ('Ilario', 'Lampa.Dario@studenti.unina.it', 'hocambiatofacolta11', 'Dario', 'Lampa');
INSERT INTO UTENTE (Username, Email, pw, Nome, Cognome) --30
VALUES ('ImpastoLievitato', 'pizza.margherita@vivanapoli.it', 'Sorbillo<3', 'Margherita', 'Pizza');

-- LIBRERIA --

INSERT INTO LIBRERIA (NumeroTelefonico, Nome, SitoWeb, Indirizzo, Gestore) --1
VALUES ('0819264947', 'Hoshizora Club' ,'www.hoshizoraclub.it', 'Via Tito Speri 5, 80014, Giugliano in Campania (Na), Napoli, Italia', 'admin1');
INSERT INTO LIBRERIA (NumeroTelefonico, Nome, Indirizzo, Gestore) --2
VALUES ('0813044196', 'Libreria Nappo','Corso Sirena 85, 80147, Napoli, Italia', 'admin2');
INSERT INTO LIBRERIA (NumeroTelefonico, Nome, SitoWeb, Indirizzo, Gestore) --3
VALUES ('0818595071', 'DigitalWorldCommunity', 'www.digitalworldcommunity.com', 'Via Marchesella 7, 80014, Giugliano in Campania (Na), Napoli, Italia', 'admin1');
INSERT INTO LIBRERIA (NumeroTelefonico, Nome, Indirizzo, Gestore) --4
VALUES ('0815522005', 'Libreria Fiorentino', 'Via Trinita Maggiore 35, 80134, Napoli, Italia', 'Giudil');
INSERT INTO LIBRERIA (NumeroTelefonico, Nome, Indirizzo, Gestore) --5
VALUES ('0811957597', 'Libreria Libridine', 'Via Armando Diaz 71, 80055, Portici (Na), Napoli, Italia', 'Irmluc');
INSERT INTO LIBRERIA (NumeroTelefonico, Nome, SitoWeb, Indirizzo, Gestore) --6
VALUES ('0814722075', 'Libreria Marsiglia', 'www.libreriamarsiglia.it', 'Via San Martino 99, 80046, San Giorgio A Cremano (Na), Napoli, Italia', 'Rosbru');
INSERT INTO LIBRERIA (NumeroTelefonico, Nome, SitoWeb, Indirizzo, Gestore) --7
VALUES ('0814542280', 'Libreria Cartoleria Fallacci', 'www.libreriafallacci.wixsite.com/website', 'Piazza Cavour 55/56, 80137, Napoli, Italia', 'Waffer');
INSERT INTO LIBRERIA (NumeroTelefonico, Nome, SitoWeb, Indirizzo, Gestore) --8 
VALUES ('0372462435', 'Mondadori BookStore', 'www.mondadoristore.it/negozi/punti-vendita/Mondadori-Bookstore', 'Piazza Antonio Stradivari 6, 26100, Cremona, Italia', 'Benriz');
INSERT INTO LIBRERIA (NumeroTelefonico, Nome, SitoWeb, Indirizzo, Gestore) --9
VALUES ('0374344667', 'Mondadori Point', 'www.mondadoristore.it/negozi/punti-vendita/Mondadori-Point-Soresina/1570/', 'Via IV Novembre 19, 26015, Soresina (Cr), Cremona, Italia', 'Benriz');
INSERT INTO LIBRERIA (NumeroTelefonico, Nome, SitoWeb, Indirizzo, Gestore) --10
VALUES ('0372237480', 'Feltrinelli Libri e Musica', 'www.lafeltrinelli.it', 'Corso Giuseppe Mazzini 20, 26100, Cremona, Italia', 'DonRodrigo');
INSERT INTO LIBRERIA (NumeroTelefonico, Nome, SitoWeb, Indirizzo, Gestore) --11
VALUES ('0291947777', 'Feltrinelli Libreria', 'www.lafeltrinelli.it', 'Via Camillo Benso Cavour 1, 29121, Piacenza, Italia', 'DonRodrigo');

-- RIVISTA --

INSERT INTO RIVISTA (ISSN, Editore, Argomento, CognomeR, NomeR, Titolo, AnnoPubblicazione) --1
VALUES ('0036-8083', 'GEDI Gruppo Editoriale', 'Tecnologia', 'Cattaneo', 'Marco', 'Le Scienze', 1968);
INSERT INTO RIVISTA (ISSN, Editore, Argomento, CognomeR, NomeR, Titolo, AnnoPubblicazione) --2
VALUES ('0027-9358', 'National Geographic Society', 'Natura', 'Cattaneo', 'Marco', 'National Geographic Magazine', 1888);
INSERT INTO RIVISTA (ISSN, Editore, Argomento, CognomeR, NomeR, Titolo, AnnoPubblicazione) --3
VALUES ('0026-4423', 'GEDI Gruppo Editoriale', 'Psicologia', 'Cattaneo', 'Marco', 'Mind', 2003);
INSERT INTO RIVISTA (ISSN, Editore, Argomento, CognomeR, NomeR, Titolo, AnnoPubblicazione) --4
VALUES ('2724-2641', 'Gruppo B Editore', 'Scienze', 'Hack', 'Margherita', 'Le Stelle', 2002);
INSERT INTO RIVISTA (ISSN, Editore, Argomento, CognomeR, NomeR, Titolo, AnnoPubblicazione) --5
VALUES ('2531-3975', 'Giovanna Truda', 'Scienze Umane', 'Fangone', 'Emiliana', 'Culture e Studi del Sociale', 2022);
INSERT INTO RIVISTA (ISSN, Editore, Argomento, CognomeR, NomeR, Titolo, AnnoPubblicazione) --6
VALUES ('1357-1915', 'Arnoldo Mondadori Editore', 'Scienze', 'Loredan', 'Jacopo', 'Focus', 1992);
INSERT INTO RIVISTA (ISSN, Editore, Argomento, CognomeR, NomeR, Titolo, AnnoPubblicazione) --7
VALUES ('0390-5543', 'Mondadori Education S.p.A', 'Matematica', 'Natalini', 'Roberto', 'Archimede', 1902);
INSERT INTO RIVISTA (ISSN, Editore, Argomento, CognomeR, NomeR, Titolo, AnnoPubblicazione) --8
VALUES ('0036-4681', 'Edizioni Dedalo', 'Scienze', 'Armaroli', 'Nicola', 'Sapere', 1935);

-- Articolo Scientifico --

INSERT INTO ARTICOLO_SCIENTIFICO (DOI, Titolo, AnnoPubblicazione)
VALUES ('10-00001', "Che cosa significa allineare l''inteliggenza artificiale ai valori umani?", 2022); 
INSERT INTO ARTICOLO_SCIENTIFICO (DOI, Titolo, AnnoPubblicazione)
VALUES ('10-00002', 'Evaluating Understanding on Conceptual Abstraction Benchmarks', 2022);
INSERT INTO ARTICOLO_SCIENTIFICO (DOI, Titolo, AnnoPubblicazione)
VALUES ('10-00003', 'Un''intelligenza artificiale è capace di prevedere le nuove sostanze psicoattive', 2022);
INSERT INTO ARTICOLO_SCIENTIFICO (DOI, Titolo, AnnoPubblicazione)
VALUES ('10-00004', 'A volte ritornano? Viaggio tra i tentativi di riportare in vita "il mondo perduto"', 2019);
INSERT INTO ARTICOLO_SCIENTIFICO (DOI, Titolo, AnnoPubblicazione)
VALUES ('10-00005', 'Uguale o diverso? Le reti neurali stentano a rispondere', 2021);
INSERT INTO ARTICOLO_SCIENTIFICO (DOI, Titolo, AnnoPubblicazione)
VALUES ('10-00006', 'Combattere i tumori con l''intelligenza artificiale', 2020);
INSERT INTO ARTICOLO_SCIENTIFICO (DOI, Titolo, AnnoPubblicazione)
VALUES ('10-00007', 'Computers tell us who to date, who to jail: But should they?', 2018);
INSERT INTO ARTICOLO_SCIENTIFICO (DOI, Titolo, AnnoPubblicazione)
VALUES ('10-00008', 'How Your Brain May One Day Control Your Computer', 2018);
INSERT INTO ARTICOLO_SCIENTIFICO (DOI, Titolo, AnnoPubblicazione)
VALUES ('10-00009', 'Computers Decipher Burnt Scroll Found in Ancient Holy Ark', 2016);
INSERT INTO ARTICOLO_SCIENTIFICO (DOI, Titolo, AnnoPubblicazione)
VALUES ('10-00010', 'For girls in science, the time is now', 2019);
INSERT INTO ARTICOLO_SCIENTIFICO (DOI, Titolo, AnnoPubblicazione)
VALUES ('10-00011', 'How will this pandemic disrupt science?', 2020);
INSERT INTO ARTICOLO_SCIENTIFICO (DOI, Titolo, AnnoPubblicazione)
VALUES ('10-00012', 'Bluer blues and blacker blacks? How science is enhancing colors', 2020);
INSERT INTO ARTICOLO_SCIENTIFICO (DOI, Titolo, AnnoPubblicazione)
VALUES ('10-00013', 'La mente e l''ambiente', 2022);
INSERT INTO ARTICOLO_SCIENTIFICO (DOI, Titolo, AnnoPubblicazione)
VALUES ('10-00014', 'Psichiatria digitale', 2022);
INSERT INTO ARTICOLO_SCIENTIFICO (DOI, Titolo, AnnoPubblicazione)
VALUES ('10-00015', 'A mente fredda', 2022);
INSERT INTO ARTICOLO_SCIENTIFICO (DOI, Titolo, AnnoPubblicazione)
VALUES ('10-00016', 'Lenire il trauma con la scrittura', 2022);
INSERT INTO ARTICOLO_SCIENTIFICO (DOI, Titolo, AnnoPubblicazione)
VALUES ('10-00017', 'Una nuova psichiatria', 2022);
INSERT INTO ARTICOLO_SCIENTIFICO (DOI, Titolo, AnnoPubblicazione)
VALUES ('10-00018', 'Le strutture della corona', 2006);
INSERT INTO ARTICOLO_SCIENTIFICO (DOI, Titolo, AnnoPubblicazione)
VALUES ('10-00019', 'La distanza della Stella di Teegarden', 2006);
INSERT INTO ARTICOLO_SCIENTIFICO (DOI, Titolo, AnnoPubblicazione)
VALUES ('10-00020', 'SBIG DSS7 astrofisica', 2006);
INSERT INTO ARTICOLO_SCIENTIFICO (DOI, Titolo, AnnoPubblicazione)
VALUES ('10-00021', 'Megastelle', 2006);
INSERT INTO ARTICOLO_SCIENTIFICO (DOI, Titolo, AnnoPubblicazione)
VALUES ('10-00022', 'Le prime luci sull’Era Oscura', 2006);
INSERT INTO ARTICOLO_SCIENTIFICO (DOI, Titolo, AnnoPubblicazione)
VALUES ('10-00023', 'Che fine farà la nuova macchia di Giove?', 2006);
INSERT INTO ARTICOLO_SCIENTIFICO (DOI, Titolo, AnnoPubblicazione)
VALUES ('10-00024', 'Una camera planetaria eccellente', 2006);
INSERT INTO ARTICOLO_SCIENTIFICO (DOI, Titolo, AnnoPubblicazione)
VALUES ('10-00025', 'Un quasar in ogni galassia?', 2006);
INSERT INTO ARTICOLO_SCIENTIFICO (DOI, Titolo, AnnoPubblicazione)
VALUES ('10-00026', 'Nebulosa Granchio: chi la vide nascere', 2006);
INSERT INTO ARTICOLO_SCIENTIFICO (DOI, Titolo, AnnoPubblicazione)
VALUES ('10-00027', 'Per un welfare sostenibile e innovativo', 2016);
INSERT INTO ARTICOLO_SCIENTIFICO (DOI, Titolo, AnnoPubblicazione)
VALUES ('10-00028', 'Il futuro della cooperazione sociale nelle ipotesi di welfare', 2016);
INSERT INTO ARTICOLO_SCIENTIFICO (DOI, Titolo, AnnoPubblicazione)
VALUES ('10-00029', 'Pratica sportiva e lavoro sociale tra stato, mercato e comunità', 2017);
INSERT INTO ARTICOLO_SCIENTIFICO (DOI, Titolo, AnnoPubblicazione)
VALUES ('10-00030', 'Migrazioni mediterranee: Tra allarmismo e risorsa sociale', 2017);
INSERT INTO ARTICOLO_SCIENTIFICO (DOI, Titolo, AnnoPubblicazione)
VALUES ('10-00031', 'Per una cittadinanza globale: Percorsi di vita e traiettorie formative dei giovani', 2018);
INSERT INTO ARTICOLO_SCIENTIFICO (DOI, Titolo, AnnoPubblicazione)
VALUES ('10-00032', 'Il ruolo culturale della comunicazione sociale', 2018);
INSERT INTO ARTICOLO_SCIENTIFICO (DOI, Titolo, AnnoPubblicazione)
VALUES ('10-00033', 'Le lenti a contatto intelligenti', 2022);
INSERT INTO ARTICOLO_SCIENTIFICO (DOI, Titolo, AnnoPubblicazione)
VALUES ('10-00034', 'L’ologramma del primo tatuaggio NFT realizzato nel metaverso', 2022);
INSERT INTO ARTICOLO_SCIENTIFICO (DOI, Titolo, AnnoPubblicazione)
VALUES ('10-00035', 'Internet: quanto lo usiamo?', 2022);
INSERT INTO ARTICOLO_SCIENTIFICO (DOI, Titolo, AnnoPubblicazione)
VALUES ('10-00036', 'Quali sono le password più sicure?', 2022);
INSERT INTO ARTICOLO_SCIENTIFICO (DOI, Titolo, AnnoPubblicazione)
VALUES ('10-00037', 'Un esame virtuale per rinnovare la patente?', 2022);
INSERT INTO ARTICOLO_SCIENTIFICO (DOI, Titolo, AnnoPubblicazione)
VALUES ('10-00038', 'Una tempesta solare può provocare un''apocalisse digitale', 2022);
INSERT INTO ARTICOLO_SCIENTIFICO (DOI, Titolo, AnnoPubblicazione)
VALUES ('10-00039', 'Il triangolo di Feynman', 2012);
INSERT INTO ARTICOLO_SCIENTIFICO (DOI, Titolo, AnnoPubblicazione)
VALUES ('10-00040', 'Alamari. Un’applicazione della teoria dei nodi', 2013);
INSERT INTO ARTICOLO_SCIENTIFICO (DOI, Titolo, AnnoPubblicazione)
VALUES ('10-00041', 'La retta di regressione', 2014);
INSERT INTO ARTICOLO_SCIENTIFICO (DOI, Titolo, AnnoPubblicazione)
VALUES ('10-00042', 'Seni, coseni e tangenti razionali di angoli razionali', 2015);
INSERT INTO ARTICOLO_SCIENTIFICO (DOI, Titolo, AnnoPubblicazione)
VALUES ('10-00043', 'Continuità e discontinuità di una funzione: una proposta didattica innovativa', 2016);
INSERT INTO ARTICOLO_SCIENTIFICO (DOI, Titolo, AnnoPubblicazione)
VALUES ('10-00044', 'La scienza in azione: Research in Action', 2017);
INSERT INTO ARTICOLO_SCIENTIFICO (DOI, Titolo, AnnoPubblicazione)
VALUES ('10-00045', 'La matematica della crittografia: coppie di numeri primi per l’RSA', 2018);
INSERT INTO ARTICOLO_SCIENTIFICO (DOI, Titolo, AnnoPubblicazione)
VALUES ('10-00046', 'Raddoppiare un campo', 2019);
INSERT INTO ARTICOLO_SCIENTIFICO (DOI, Titolo, AnnoPubblicazione)
VALUES ('10-00047', 'Il discorso filosofico della matematica', 2020);
INSERT INTO ARTICOLO_SCIENTIFICO (DOI, Titolo, AnnoPubblicazione)
VALUES ('10-00048', 'Divisione «per svuotamento»', 2020);
INSERT INTO ARTICOLO_SCIENTIFICO (DOI, Titolo, AnnoPubblicazione)
VALUES ('10-00049', 'Modelli matematici di decisione per fare bene i conti con l''incertezza', 2021);
INSERT INTO ARTICOLO_SCIENTIFICO (DOI, Titolo, AnnoPubblicazione)
VALUES ('10-00050', 'Le certezze irraggiungibili della matematica', 2022);
INSERT INTO ARTICOLO_SCIENTIFICO (DOI, Titolo, AnnoPubblicazione)
VALUES ('10-00051', 'Il personal computer presto sparirà?', 2015);
INSERT INTO ARTICOLO_SCIENTIFICO (DOI, Titolo, AnnoPubblicazione)
VALUES ('10-00052', 'Materia oscura: nuovi progressi dall’esperimento AMS', 2014);
INSERT INTO ARTICOLO_SCIENTIFICO (DOI, Titolo, AnnoPubblicazione)
VALUES ('10-00053', 'La meccanica quantistica va in orbita', 2017);
INSERT INTO ARTICOLO_SCIENTIFICO (DOI, Titolo, AnnoPubblicazione)
VALUES ('10-00054', 'Il lato inquietante e minaccioso della Rete', 2016);
INSERT INTO ARTICOLO_SCIENTIFICO (DOI, Titolo, AnnoPubblicazione)
VALUES ('10-00055', 'I cookie: cosa sono e come tutelare la nostra privacy', 2021);
INSERT INTO ARTICOLO_SCIENTIFICO (DOI, Titolo, AnnoPubblicazione)
VALUES ('10-00056', 'La scientifica sulla scena del crimine: la ricerca di tracce biologiche', 2021);
INSERT INTO ARTICOLO_SCIENTIFICO (DOI, Titolo, AnnoPubblicazione)
VALUES ('10-00057', 'La tecnologia che ci aiuta a combattere i nostri vizi', 2021);
INSERT INTO ARTICOLO_SCIENTIFICO (DOI, Titolo, AnnoPubblicazione)
VALUES ('10-00058', 'Batterie quantiche superveloci', 2022);

-- AUTORE --

INSERT INTO AUTORE (Nome, Cognome) --1
VALUES ('Melanie', 'Mitchell');
INSERT INTO AUTORE (Nome, Cognome) --2
VALUES ('Victor Vikram', 'Odouard');
INSERT INTO AUTORE (Nome, Cognome, Nazionalita) --3
VALUES ('Massimo', 'Sandal', 'Italiana');
INSERT INTO AUTORE (Nome, Cognome) --4
VALUES ('John', 'Pavlus');
INSERT INTO AUTORE (Nome, Cognome, Nazionalita) --5
VALUES ('Esther', 'Landhuis', 'Statunitense');
INSERT INTO AUTORE (Nome, Cognome, Nazionalita, DataNascita) --6
VALUES ('Simon', 'Worrall', 'Britannica', '1968-06-18');
INSERT INTO AUTORE (Nome, Cognome) --7
VALUES ('Christina', 'Nunez');
INSERT INTO AUTORE (Nome, Cognome, Nazionalita) --8
VALUES ('Michael', 'Greshko', 'Statunitense');
INSERT INTO AUTORE (Nome, Cognome, Nazionalita) --9
VALUES ('Claudia', 'Kalb', 'Cinese');
INSERT INTO AUTORE (Nome, Cognome, Nazionalita, DataNascita) --10
VALUES ('Victoria', 'Jaggard', 'Statunitense', '1999-07-02');
INSERT INTO AUTORE (Nome, Cognome, Nazionalita) --11
VALUES ('Sarah', 'Gibbens', 'Statunitense');
INSERT INTO AUTORE (Nome, Cognome, Nazionalita) --12
VALUES ('Giulia', 'Mondanini', 'Italiana');
INSERT INTO AUTORE (Nome, Cognome, Nazionalita) --13
VALUES ('Paola Emilia', 'Cicerone', 'Italiana');
INSERT INTO AUTORE (Nome, Cognome, Nazionalita) --14
VALUES ('Frank', 'Luerweg', 'Tedesca');
INSERT INTO AUTORE (Nome, Cognome, Nazionalita) --15
VALUES ('Nayla', 'Chidiac', 'Francese');
INSERT INTO AUTORE (Nome, Cognome, Nazionalita) -- 16
VALUES ('Mattia', 'Maccarone', 'Italiana');
INSERT INTO AUTORE (Nome, Cognome, Nazionalita, DataNascita) --17
VALUES ('Maurice', 'Hamilton', 'Canadese', '1923-04-04');
INSERT INTO AUTORE (Nome, Cognome, Nazionalita, DataNascita) --18
VALUES ('Tom', 'Stafford', 'Statunitense', '1930-09-17');
INSERT INTO AUTORE (Nome, Cognome, Nazionalita, DataNascita) --19
VALUES ('Flavio', 'Castellani', 'Italiana', '1957-11-23');
INSERT INTO AUTORE (Nome, Cognome, Nazionalita, DataNascita) --20
VALUES ('Marcello', 'Felli', 'Italiana', '1920-06-25');
INSERT INTO AUTORE (Nome, Cognome, Nazionalita) --21
VALUES ('Geof', 'Macdonald', 'Canadese');
INSERT INTO AUTORE (Nome, Cognome, Nazionalita) --22
VALUES ('Volker', 'Bromm', 'Statunitense');
INSERT INTO AUTORE (Nome, Cognome, Nazionalita) --23
VALUES ('Edwin', 'Aguirre', 'Canadese');
INSERT INTO AUTORE (Nome, Cognome) --24
VALUES ('Sean', 'Walker');
INSERT INTO AUTORE (Nome, Cognome) --25
VALUES ('Robert', 'Irion');
INSERT INTO AUTORE (Nome, Cognome, DataNascita) --26
VALUES ('Francis Richard', 'Stephenson', '1941-04-26');
INSERT INTO AUTORE (Nome, Cognome, Nazionalita) --27
VALUES ('David', 'Green', 'Britannica');
INSERT INTO AUTORE (Nome, Cognome, Nazionalita, DataNascita) --28
VALUES ('Emiliana', 'Mangone', 'Italiana', '1970-02-02');
INSERT INTO AUTORE (Nome, Cognome, Nazionalita, DataNascita) --29
VALUES ('Pierpaolo', 'Donati', 'Italiana', '1946-09-30');
INSERT INTO AUTORE (Nome, Cognome, Nazionalita) --30
VALUES ('Francesco', 'Pirone', 'Italiana');
INSERT INTO AUTORE (Nome, Cognome, Nazionalita, DataNascita) --31
VALUES ('Claudio', 'Marra', 'Italiana', '1959-06-24');
INSERT INTO AUTORE (Nome, Cognome, Nazionalita, DataNascita) --32
VALUES ('Paolo', 'Diana', 'Italiana', '1992-02-02');
INSERT INTO AUTORE (Nome, Cognome, Nazionalita) --33
VALUES ('Michela', 'Freddano', 'Italiana');
INSERT INTO AUTORE (Nome, Cognome, Nazionalita, DataNascita) --34
VALUES ('Francesco', 'Pira', 'Italiana', '1965-08-09');
INSERT INTO AUTORE (Nome, Cognome, Nazionalita) --35
VALUES ('Antonia', 'Cava', 'Italiana');
INSERT INTO AUTORE (Nome, Cognome, Nazionalita) --36
VALUES ('Rebecca', 'Mantovani', 'Italiana');
INSERT INTO AUTORE (Nome, Cognome, Nazionalita) --37
VALUES ('Alberto', 'Angela', 'Italiana', '1962-04-08');
INSERT INTO AUTORE (Nome, Cognome, Nazionalita, DataNascita) --38
VALUES ('Chiara', 'Guzzonato', 'Italiana', '1974-02-23'); 
INSERT INTO AUTORE (Nome, Cognome, Nazionalita, DataNascita) --39
VALUES ('Giuliano', 'Mazzanti', 'Italiana', '1945-09-15');
INSERT INTO AUTORE (Nome, Cognome, Nazionalita, DataNascita) --40
VALUES ('Valter', 'Rosselli', 'Italiana', '1981-06-11');
INSERT INTO AUTORE (Nome, Cognome, Nazionalita) --41
VALUES ('Luigi', 'Tomasi', 'Italiana');
INSERT INTO AUTORE (Nome, Cognome, Nazionalita) --42
VALUES ('Angela', 'Guido', 'Italiana');
INSERT INTO AUTORE (Nome, Cognome, Nazionalita) --43
VALUES ('Maurizio', 'Berni', 'Italiana');
INSERT INTO AUTORE (Nome, Cognome, Nazionalita, DataNascita) --44
VALUES ('Alessandro', 'D''Andrea', 'Italiana', '1972-03-09');
INSERT INTO AUTORE (Nome, Cognome, Nazionalita, DataNascita) --45
VALUES ('Luigi', 'Squillante', 'Italiana', '1965-09-02');
INSERT INTO AUTORE (Nome, Cognome, Nazionalita, DataNascita) --46
VALUES ('Sara', 'Rutigliano', 'Italiana', '1997-03-25');
INSERT INTO AUTORE (Nome, Cognome, Nazionalita) --47
VALUES ('Andrea', 'Minotti', 'Italiana');
INSERT INTO AUTORE (Nome, Cognome, Nazionalita, DataNascita) --48
VALUES ('Gualtiero', 'Grassucci', 'Italiana', '1961-08-19');
INSERT INTO AUTORE (Nome, Cognome, Nazionalita) --49
VALUES ('Mario', 'Marobin', 'Italiana');
INSERT INTO AUTORE (Nome, Cognome, Nazionalita, DataNascita) --50
VALUES ('Fabio', 'Brunelli', 'Brasiliana', '1969-05-11');
INSERT INTO AUTORE (Nome, Cognome, Nazionalita) --51
VALUES ('Francesco', 'Chesi', 'Italiana');
INSERT INTO AUTORE (Nome, Cognome, Nazionalita) --52
VALUES ('Biagio', 'Sarnataro', 'Italiana');
INSERT INTO AUTORE (Nome, Cognome, Nazionalita, DataNascita) --53
VALUES ('Silvia', 'Funghi', 'Italiana', '1988-07-04');
INSERT INTO AUTORE (Nome, Cognome, Nazionalita) --54
VALUES ('Roberta', 'Munarini', 'Italiana');
INSERT INTO AUTORE (Nome, Cognome, Nazionalita) --55
VALUES ('Hykel', 'Hosni', 'Italiana');
INSERT INTO AUTORE (Nome, Cognome, Nazionalita, DataNascita) --56
VALUES ('Silvia', 'De Toffoli', 'Italiana', '1976-06-10');
INSERT INTO AUTORE (Nome, Cognome, Nazionalita) --57
VALUES ('Paolo', 'Magaudda', 'Italiana');
INSERT INTO AUTORE (Nome, Cognome, Nazionalita) --58
VALUES ('Paolo', 'Berra', 'Italiana');
INSERT INTO AUTORE (Nome, Cognome, Nazionalita) --59
VALUES ('Eva', 'Filoramo', 'Italiana');
INSERT INTO AUTORE (Nome, Cognome, Nazionalita) --60
VALUES ('Filippo', 'Montanari', 'Italiana');
INSERT INTO AUTORE (Nome, Cognome, Nazionalita) --61
VALUES ('Rosario', 'De Marco', 'Italiana');
INSERT INTO AUTORE (Nome, Cognome) --62
VALUES ('Gabriel', 'Rotter');
INSERT INTO AUTORE (Nome, Cognome, Nazionalita, DataNascita) --63
VALUES ('Paolo', 'Gallina', 'Italiana', '1971-09-18');
INSERT INTO AUTORE (Nome, Cognome, Nazionalita) --64
VALUES ('Tersilla', 'Virgili', 'Italiana');
INSERT INTO AUTORE (Nome, Cognome, Nazionalita) --64
VALUES ('Tersilla', 'Virgili', 'Italiana');
INSERT INTO AUTORE (Nome, Cognome, Nazionalita, DataNascita) --65
VALUES ('Joanne Kathleen', 'Rowling', 'Britannica', '1965-07-31');
INSERT INTO AUTORE (Nome, Cognome, Nazionalita, DataNascita) --66
VALUES ('Steve', 'Kloves', 'Statunitense', '1960-03-18');
INSERT INTO AUTORE (Nome, Cognome, Nazionalita, DataNascita) --67
VALUES ('John R. R.', 'Tolkien', 'Britannica', '1892-01-03');
INSERT INTO AUTORE (Nome, Cognome, Nazionalita) --68
VALUES ('Libero', 'Iannuzzi', 'Italiano');
INSERT INTO AUTORE (Nome, Cognome, Nazionalita) --69
VALUES ('Camillo', 'Bortolati', 'Italiana');
INSERT INTO AUTORE (Nome, Cognome, Nazionalita, DataNascita) --70
VALUES ('Paolo', 'Marcellini', 'Italiana', '1947-06-25');
INSERT INTO AUTORE (Nome, Cognome, Nazionalita, DataNascita) --71
VALUES ('Carlo', 'Sbordone', 'Italiana', '1948-11-23');
INSERT INTO AUTORE (Nome, Cognome, Nazionalita) --72
VALUES ('Paul', 'Deitel', 'Tedesca');
INSERT INTO AUTORE (Nome, Cognome, Nazionalita) --73
VALUES ('Harvey', 'Deitel', 'Tedesca');
INSERT INTO AUTORE (Nome, Cognome, Nazionalita, DataNascita) --74
VALUES ('Stephen Edwin', 'King', 'Statunitense', '1947-09-21');
INSERT INTO AUTORE (Nome, Cognome, Nazionalita) --75
VALUES ('Tillie', 'Cole', 'Britannica');
INSERT INTO AUTORE (Nome, Cognome, Nazionalita) --76
VALUES ('Meghan', 'Quinn', 'Statunitense');
INSERT INTO AUTORE (Nome, Cognome) --77
VALUES ('Ella', 'Maise');
INSERT INTO AUTORE (Nome, Cognome, Nazionalita) --78
VALUES ('Devney', 'Perry', 'Statunitense');
INSERT INTO AUTORE (Nome, Cognome, Nazionalita, DataNascita) --79
VALUES ('George', 'Owell', 'Britannica', '1903-06-25');
INSERT INTO AUTORE (Nome, Cognome, Nazionalita, DataNascita) --80
VALUES ('Charles', 'Dickens', 'Britannica', '1812-02-07');

-- SCRITTURA_A --

INSERT INTO SCRITTURA_A (DOI, CodA)
VALUES ('10-00001', 1);
INSERT INTO SCRITTURA_A (DOI, CodA)
VALUES ('10-00002', 1);
INSERT INTO SCRITTURA_A (DOI, CodA)
VALUES ('10-00002', 2);
INSERT INTO SCRITTURA_A (DOI, CodA)
VALUES ('10-00003', 3);
INSERT INTO SCRITTURA_A (DOI, CodA)
VALUES ('10-00004', 3);
INSERT INTO SCRITTURA_A (DOI, CodA)
VALUES ('10-00005', 4);
INSERT INTO SCRITTURA_A (DOI, CodA)
VALUES ('10-00006', 5);
INSERT INTO SCRITTURA_A (DOI, CodA)
VALUES ('10-00007', 6);
INSERT INTO SCRITTURA_A (DOI, CodA)
VALUES ('10-00008', 7);
INSERT INTO SCRITTURA_A (DOI, CodA)
VALUES ('10-00009', 8);
INSERT INTO SCRITTURA_A (DOI, CodA)
VALUES ('10-00010', 9);
INSERT INTO SCRITTURA_A (DOI, CodA)
VALUES ('10-00011', 10);
INSERT INTO SCRITTURA_A (DOI, CodA)
VALUES ('10-00012', 11);
INSERT INTO SCRITTURA_A (DOI, CodA)
VALUES ('10-00013', 12);
INSERT INTO SCRITTURA_A (DOI, CodA)
VALUES ('10-00014', 13);
INSERT INTO SCRITTURA_A (DOI, CodA)
VALUES ('10-00015', 14);
INSERT INTO SCRITTURA_A (DOI, CodA)
VALUES ('10-00016', 15);
INSERT INTO SCRITTURA_A (DOI, CodA)
VALUES ('10-00017', 16);
INSERT INTO SCRITTURA_A (DOI, CodA)
VALUES ('10-00018', 17);
INSERT INTO SCRITTURA_A (DOI, CodA)
VALUES ('10-00019', 18);
INSERT INTO SCRITTURA_A (DOI, CodA)
VALUES ('10-00020', 19);
INSERT INTO SCRITTURA_A (DOI, CodA)
VALUES ('10-00021', 20);
INSERT INTO SCRITTURA_A (DOI, CodA)
VALUES ('10-00021', 21);
INSERT INTO SCRITTURA_A (DOI, CodA)
VALUES ('10-00022', 22);
INSERT INTO SCRITTURA_A (DOI, CodA)
VALUES ('10-00023', 23);
INSERT INTO SCRITTURA_A (DOI, CodA)
VALUES ('10-00024', 24);
INSERT INTO SCRITTURA_A (DOI, CodA)
VALUES ('10-00025', 25);
INSERT INTO SCRITTURA_A (DOI, CodA)
VALUES ('10-00026', 26);
INSERT INTO SCRITTURA_A (DOI, CodA)
VALUES ('10-00026', 27);
INSERT INTO SCRITTURA_A (DOI, CodA)
VALUES ('10-00027', 28);
INSERT INTO SCRITTURA_A (DOI, CodA)
VALUES ('10-00028', 29);
INSERT INTO SCRITTURA_A (DOI, CodA)
VALUES ('10-00029', 30);
INSERT INTO SCRITTURA_A (DOI, CodA)
VALUES ('10-00030', 31);
INSERT INTO SCRITTURA_A (DOI, CodA)
VALUES ('10-00031', 32);
INSERT INTO SCRITTURA_A (DOI, CodA)
VALUES ('10-00031', 33);
INSERT INTO SCRITTURA_A (DOI, CodA)
VALUES ('10-00032', 34);
INSERT INTO SCRITTURA_A (DOI, CodA)
VALUES ('10-00032', 35);
INSERT INTO SCRITTURA_A (DOI, CodA)
VALUES ('10-00033', 36);
INSERT INTO SCRITTURA_A (DOI, CodA)
VALUES ('10-00034', 37);
INSERT INTO SCRITTURA_A (DOI, CodA)
VALUES ('10-00035', 38);
INSERT INTO SCRITTURA_A (DOI, CodA)
VALUES ('10-00036', 38);
INSERT INTO SCRITTURA_A (DOI, CodA)
VALUES ('10-00037', 36);
INSERT INTO SCRITTURA_A (DOI, CodA)
VALUES ('10-00038', 36);
INSERT INTO SCRITTURA_A (DOI, CodA)
VALUES ('10-00039', 39);
INSERT INTO SCRITTURA_A (DOI, CodA)
VALUES ('10-00039', 40);
INSERT INTO SCRITTURA_A (DOI, CodA)
VALUES ('10-00039', 41);
INSERT INTO SCRITTURA_A (DOI, CodA)
VALUES ('10-00040', 42);
INSERT INTO SCRITTURA_A (DOI, CodA)
VALUES ('10-00041', 43);
INSERT INTO SCRITTURA_A (DOI, CodA)
VALUES ('10-00042', 44);
INSERT INTO SCRITTURA_A (DOI, CodA)
VALUES ('10-00043', 45);
INSERT INTO SCRITTURA_A (DOI, CodA)
VALUES ('10-00043', 46);
INSERT INTO SCRITTURA_A (DOI, CodA)
VALUES ('10-00043', 47);
INSERT INTO SCRITTURA_A (DOI, CodA)
VALUES ('10-00044', 48);
INSERT INTO SCRITTURA_A (DOI, CodA)
VALUES ('10-00045', 49);
INSERT INTO SCRITTURA_A (DOI, CodA)
VALUES ('10-00046', 50);
INSERT INTO SCRITTURA_A (DOI, CodA)
VALUES ('10-00046', 51);
INSERT INTO SCRITTURA_A (DOI, CodA)
VALUES ('10-00047', 52);
INSERT INTO SCRITTURA_A (DOI, CodA)
VALUES ('10-00048', 53);
INSERT INTO SCRITTURA_A (DOI, CodA)
VALUES ('10-00048', 54);
INSERT INTO SCRITTURA_A (DOI, CodA)
VALUES ('10-00049', 55);
INSERT INTO SCRITTURA_A (DOI, CodA)
VALUES ('10-00050', 56);
INSERT INTO SCRITTURA_A (DOI, CodA)
VALUES ('10-00051', 57);
INSERT INTO SCRITTURA_A (DOI, CodA)
VALUES ('10-00052', 58);
INSERT INTO SCRITTURA_A (DOI, CodA)
VALUES ('10-00053', 59);
INSERT INTO SCRITTURA_A (DOI, CodA)
VALUES ('10-00054', 57);
INSERT INTO SCRITTURA_A (DOI, CodA)
VALUES ('10-00055', 60);
INSERT INTO SCRITTURA_A (DOI, CodA)
VALUES ('10-00055', 61);
INSERT INTO SCRITTURA_A (DOI, CodA)
VALUES ('10-00056', 62);
INSERT INTO SCRITTURA_A (DOI, CodA)
VALUES ('10-00057', 63);
INSERT INTO SCRITTURA_A (DOI, CodA)
VALUES ('10-00058', 64);

-- FASCICOLO --

INSERT INTO FASCICOLO (Numero, Editore, DataPubblicazione, ISSN) --1
VALUES (1, 'GEDI Gruppo Editoriale', '2021-12-28', '0036-8083');
INSERT INTO FASCICOLO (Numero, Editore, DataPubblicazione, ISSN) --2
VALUES (2, 'GEDI Gruppo Editoriale', '2022-01-28', '0036-8083');
INSERT INTO FASCICOLO (Numero, Editore, DataPubblicazione, ISSN) --3
VALUES (1, 'National Geographic Society', '2020-01-01', '0027-9358');
INSERT INTO FASCICOLO (Numero, Editore, DataPubblicazione, ISSN) --4
VALUES (2, 'National Geographic Society', '2020-02-01', '0027-9358');
INSERT INTO FASCICOLO (Numero, Editore, DataPubblicazione, ISSN) --5
VALUES (1, 'GEDI Gruppo Editoriale', '2022-12-05', '0026-4423');
INSERT INTO FASCICOLO (Numero, Editore, DataPubblicazione, ISSN) --6
VALUES (42, 'Gruppo B Editore', '2006-07-29', '2724-2641');
INSERT INTO FASCICOLO (Numero, Editore, DataPubblicazione, ISSN) --7
VALUES (43, 'Gruppo B Editore', '2006-08-27', '2724-2641');
INSERT INTO FASCICOLO (Numero, Editore, DataPubblicazione, ISSN) --8
VALUES (44, 'Gruppo B Editore', '2006-09-28', '2724-2641');
INSERT INTO FASCICOLO (Numero, Editore, DataPubblicazione, ISSN) --9
VALUES (1, 'Giovanna Truda', '2016-06-27', '2531-3975');
INSERT INTO FASCICOLO (Numero, Editore, DataPubblicazione, ISSN) --10
VALUES (2, 'Giovanna Truda', '2017-06-22', '2531-3975');
INSERT INTO FASCICOLO (Numero, Editore, DataPubblicazione, ISSN) --11
VALUES (3, 'Giovanna Truda', '2018-06-28', '2531-3975');
INSERT INTO FASCICOLO (Numero, Editore, DataPubblicazione, ISSN) --12
VALUES (1, 'Arnoldo Mondadori Editore', '2022-12-10', '1357-1915');
INSERT INTO FASCICOLO (Numero, Editore, DataPubblicazione, ISSN) --13
VALUES (2, 'Arnoldo Mondadori Editore', '2023-01-11', '1357-1915');
INSERT INTO FASCICOLO (Numero, Editore, DataPubblicazione, ISSN) --14
VALUES (1, 'Mondadori Education S.p.A', '2015-12-15', '0390-5543');
INSERT INTO FASCICOLO (Numero, Editore, DataPubblicazione, ISSN) --15
VALUES (2, 'Mondadori Education S.p.A', '2018-12-16', '0390-5543');
INSERT INTO FASCICOLO (Numero, Editore, DataPubblicazione, ISSN) --16
VALUES (3, 'Mondadori Education S.p.A', '2020-12-17', '0390-5543');
INSERT INTO FASCICOLO (Numero, Editore, DataPubblicazione, ISSN) --17
VALUES (4, 'Mondadori Education S.p.A', '2022-12-21', '0390-5543');
INSERT INTO FASCICOLO (Numero, Editore, DataPubblicazione, ISSN) --18
VALUES (1, 'Edizioni Dedalo', '2018-12-27', '0036-4681');
INSERT INTO FASCICOLO (Numero, Editore, DataPubblicazione, ISSN) --19
VALUES (2, 'Edizioni Dedalo', '2022-12-10', '0036-4681');

-- INTRODUZIONE --

INSERT INTO INTRODUZIONE (CodF, DOI)
VALUES (1, '10-00004');
INSERT INTO INTRODUZIONE (CodF, DOI)
VALUES (1, '10-00005');
INSERT INTO INTRODUZIONE (CodF, DOI)
VALUES (1, '10-00006');
INSERT INTO INTRODUZIONE (CodF, DOI)
VALUES (2, '10-00001');
INSERT INTO INTRODUZIONE (CodF, DOI)
VALUES (2, '10-00002');
INSERT INTO INTRODUZIONE (CodF, DOI)
VALUES (2, '10-00003');
INSERT INTO INTRODUZIONE (CodF, DOI)
VALUES (3, '10-00007');
INSERT INTO INTRODUZIONE (CodF, DOI)
VALUES (3, '10-00008');
INSERT INTO INTRODUZIONE (CodF, DOI)
VALUES (3, '10-00009');
INSERT INTO INTRODUZIONE (CodF, DOI)
VALUES (4, '10-00010');
INSERT INTO INTRODUZIONE (CodF, DOI)
VALUES (4, '10-00011');
INSERT INTO INTRODUZIONE (CodF, DOI)
VALUES (4, '10-00012');
INSERT INTO INTRODUZIONE (CodF, DOI)
VALUES (5, '10-00013');
INSERT INTO INTRODUZIONE (CodF, DOI)
VALUES (5, '10-00014');
INSERT INTO INTRODUZIONE (CodF, DOI)
VALUES (5, '10-00015');
INSERT INTO INTRODUZIONE (CodF, DOI)
VALUES (5, '10-00016');
INSERT INTO INTRODUZIONE (CodF, DOI)
VALUES (5, '10-00017');
INSERT INTO INTRODUZIONE (CodF, DOI)
VALUES (6, '10-00018');
INSERT INTO INTRODUZIONE (CodF, DOI)
VALUES (6, '10-00019');
INSERT INTO INTRODUZIONE (CodF, DOI)
VALUES (6, '10-00020');
INSERT INTO INTRODUZIONE (CodF, DOI)
VALUES (6, '10-00021');
INSERT INTO INTRODUZIONE (CodF, DOI)
VALUES (7, '10-00022');
INSERT INTO INTRODUZIONE (CodF, DOI)
VALUES (7, '10-00023');
INSERT INTO INTRODUZIONE (CodF, DOI)
VALUES (7, '10-00024');
INSERT INTO INTRODUZIONE (CodF, DOI)
VALUES (8, '10-00025');
INSERT INTO INTRODUZIONE (CodF, DOI)
VALUES (8, '10-00026');
INSERT INTO INTRODUZIONE (CodF, DOI)
VALUES (9, '10-00027');
INSERT INTO INTRODUZIONE (CodF, DOI)
VALUES (9, '10-00028');
INSERT INTO INTRODUZIONE (CodF, DOI)
VALUES (10, '10-00029');
INSERT INTO INTRODUZIONE (CodF, DOI)
VALUES (10, '10-00030');
INSERT INTO INTRODUZIONE (CodF, DOI)
VALUES (11, '10-00031');
INSERT INTO INTRODUZIONE (CodF, DOI)
VALUES (11, '10-00032');
INSERT INTO INTRODUZIONE (CodF, DOI)
VALUES (12, '10-00033');
INSERT INTO INTRODUZIONE (CodF, DOI)
VALUES (12, '10-00034');
INSERT INTO INTRODUZIONE (CodF, DOI)
VALUES (12, '10-00035');
INSERT INTO INTRODUZIONE (CodF, DOI)
VALUES (13, '10-00036');
INSERT INTO INTRODUZIONE (CodF, DOI)
VALUES (13, '10-00037');
INSERT INTO INTRODUZIONE (CodF, DOI)
VALUES (13, '10-00038');
INSERT INTO INTRODUZIONE (CodF, DOI)
VALUES (14, '10-00039');
INSERT INTO INTRODUZIONE (CodF, DOI)
VALUES (14, '10-00040');
INSERT INTO INTRODUZIONE (CodF, DOI)
VALUES (14, '10-00041');
INSERT INTO INTRODUZIONE (CodF, DOI)
VALUES (15, '10-00042');
INSERT INTO INTRODUZIONE (CodF, DOI)
VALUES (15, '10-00043');
INSERT INTO INTRODUZIONE (CodF, DOI)
VALUES (15, '10-00044');
INSERT INTO INTRODUZIONE (CodF, DOI)
VALUES (16, '10-00045');
INSERT INTO INTRODUZIONE (CodF, DOI)
VALUES (16, '10-00046');
INSERT INTO INTRODUZIONE (CodF, DOI)
VALUES (16, '10-00047');
INSERT INTO INTRODUZIONE (CodF, DOI)
VALUES (17, '10-00048');
INSERT INTO INTRODUZIONE (CodF, DOI)
VALUES (17, '10-00049');
INSERT INTO INTRODUZIONE (CodF, DOI)
VALUES (17, '10-00050');
INSERT INTO INTRODUZIONE (CodF, DOI)
VALUES (18, '10-00051');
INSERT INTO INTRODUZIONE (CodF, DOI)
VALUES (18, '10-00052');
INSERT INTO INTRODUZIONE (CodF, DOI)
VALUES (18, '10-00053');
INSERT INTO INTRODUZIONE (CodF, DOI)
VALUES (18, '10-00054');
INSERT INTO INTRODUZIONE (CodF, DOI)
VALUES (19, '10-00055');
INSERT INTO INTRODUZIONE (CodF, DOI)
VALUES (19, '10-00056');
INSERT INTO INTRODUZIONE (CodF, DOI)
VALUES (19, '10-00057');
INSERT INTO INTRODUZIONE (CodF, DOI)
VALUES (19, '10-00058');

-- CONFERENZEA --

INSERT INTO CONFERENZA (Luogo, StrutturaOrganizzatrice, DataInizio, DataFine) --1
VALUES ('Piazza Roma 22, 60121, Ancona, Italia', 'Università Politecnica Delle Marche', '2021-10-12', '2021-10-16');
INSERT INTO CONFERENZA (Luogo, StrutturaOrganizzatrice, DataInizio, DataFine) --2
VALUES ('Via Amendola 126, 70126, Bari, Italia', 'Bari Politecnico', '2006-04-01', '2006-04-14');
INSERT INTO CONFERENZA (Luogo, StrutturaOrganizzatrice, DataInizio, DataFine) --3
VALUES ('Piazza Guerrazzi 1, 82100, Benevento, Italia', 'Università Del Sannio', '2006-06-21', '2006-06-30');
INSERT INTO CONFERENZA (Luogo, StrutturaOrganizzatrice, DataInizio, DataFine) --4
VALUES ('Via De Sanctis, 86100, Campobasso, Italia', 'Università Del Molise', '2018-10-7', '2018-10-14');
INSERT INTO CONFERENZA (Luogo, StrutturaOrganizzatrice, DataInizio, DataFine) --5
VALUES ('Viale Dell''Università, 03043, Cassino (Fr), Frosinone, Italia', 'Università Degli Studi Di Cassino E Del Lazio Meridionale', '2018-11-7', '2018-11-14');
INSERT INTO CONFERENZA (Luogo, StrutturaOrganizzatrice, DataInizio, DataFine) --6
VALUES ('Corso Matteotti 22, 21053, Castellanza (Va), Varese, Italia', 'Università Carlo Cattaneo LIUC', '2018-10-15', '2018-10-28');
INSERT INTO CONFERENZA (Luogo, StrutturaOrganizzatrice, DataInizio, DataFine) --7
VALUES ('Viale Europa, 88100, Catanzaro, Italia', 'Università Magna Grecia', '2018-11-15', '2018-11-28');
INSERT INTO CONFERENZA (Luogo, StrutturaOrganizzatrice, DataInizio, DataFine) --8
VALUES ('Corso Umberto I 40, 80138, Napoli, Italia', 'Università Degli Studi Federico II', '2020-04-10', '2020-04-16');
INSERT INTO CONFERENZA (Luogo, StrutturaOrganizzatrice, DataInizio, DataFine) --9
VALUES ('Via Ammiraglio Acton 38, 80133, Napoli, Italia', 'Università Parthenope', '2020-06-1', '2020-06-14');
INSERT INTO CONFERENZA (Luogo, StrutturaOrganizzatrice, DataInizio, DataFine) --10
VALUES ('Piazza Della Vittoria 15, 27100, Pavia, Italia', 'IUSS - Istituto Universitario Di Studi Superiori', '2019-12-5', '2019-12-10');

-- ESPOSIZIONE --

INSERT INTO ESPOSIZIONE (DOI, CodC)
VALUES ('10-00005', 1);
INSERT INTO ESPOSIZIONE (DOI, CodC)
VALUES ('10-00006', 1);
INSERT INTO ESPOSIZIONE (DOI, CodC)
VALUES ('10-00018', 2);
INSERT INTO ESPOSIZIONE (DOI, CodC)
VALUES ('10-00019', 2);
INSERT INTO ESPOSIZIONE (DOI, CodC)
VALUES ('10-00020', 2);
INSERT INTO ESPOSIZIONE (DOI, CodC)
VALUES ('10-00021', 2);
INSERT INTO ESPOSIZIONE (DOI, CodC)
VALUES ('10-00022', 2);
INSERT INTO ESPOSIZIONE (DOI, CodC)
VALUES ('10-00023', 3);
INSERT INTO ESPOSIZIONE (DOI, CodC)
VALUES ('10-00024', 3);
INSERT INTO ESPOSIZIONE (DOI, CodC)
VALUES ('10-00025', 3);
INSERT INTO ESPOSIZIONE (DOI, CodC)
VALUES ('10-00026', 3);
INSERT INTO ESPOSIZIONE (DOI, CodC)
VALUES ('10-00042', 4);
INSERT INTO ESPOSIZIONE (DOI, CodC)
VALUES ('10-00043', 4);
INSERT INTO ESPOSIZIONE (DOI, CodC)
VALUES ('10-00051', 4);
INSERT INTO ESPOSIZIONE (DOI, CodC)
VALUES ('10-00044', 5);
INSERT INTO ESPOSIZIONE (DOI, CodC)
VALUES ('10-00052', 5);
INSERT INTO ESPOSIZIONE (DOI, CodC)
VALUES ('10-00053', 5);
INSERT INTO ESPOSIZIONE (DOI, CodC)
VALUES ('10-00054', 5);
INSERT INTO ESPOSIZIONE (DOI, CodC)
VALUES ('10-00042', 6);
INSERT INTO ESPOSIZIONE (DOI, CodC)
VALUES ('10-00043', 6);
INSERT INTO ESPOSIZIONE (DOI, CodC)
VALUES ('10-00051', 6);
INSERT INTO ESPOSIZIONE (DOI, CodC)
VALUES ('10-00044', 7);
INSERT INTO ESPOSIZIONE (DOI, CodC)
VALUES ('10-00052', 7);
INSERT INTO ESPOSIZIONE (DOI, CodC)
VALUES ('10-00053', 7);
INSERT INTO ESPOSIZIONE (DOI, CodC)
VALUES ('10-00054', 7);
INSERT INTO ESPOSIZIONE (DOI, CodC)
VALUES ('10-00047', 8);
INSERT INTO ESPOSIZIONE (DOI, CodC)
VALUES ('10-00048', 8);
INSERT INTO ESPOSIZIONE (DOI, CodC)
VALUES ('10-00048', 9);
INSERT INTO ESPOSIZIONE (DOI, CodC)
VALUES ('10-00049', 9);
INSERT INTO ESPOSIZIONE (DOI, CodC)
VALUES ('10-00050', 9);
INSERT INTO ESPOSIZIONE (DOI, CodC)
VALUES ('10-00007', 10);
INSERT INTO ESPOSIZIONE (DOI, CodC)
VALUES ('10-00008', 10);
INSERT INTO ESPOSIZIONE (DOI, CodC)
VALUES ('10-00010', 10);

-- LIBRO --

INSERT INTO LIBRO (ISBN, Titolo, Genere, Lingua, Editore, DataPubblicazione)  --1
VALUES ('978-88-3100-338-4', 'Harry Potter e la pietra filosofale', 'Fantasy', 'Italiano', 'Salani', '2020-01-23');
INSERT INTO LIBRO (ISBN, Titolo, Genere, Lingua, Editore, DataPubblicazione) --2
VALUES ('978-88-3100-339-1', 'Harry Potter e la camera dei segreti', 'Fantasy', 'Italiano', 'Salani', '2020-01-23');
INSERT INTO LIBRO (ISBN, Titolo, Genere, Lingua, Editore, DataPubblicazione) --3
VALUES ('978-88-3100-340-7', 'Harry Potter e il prigioniero di Azkaban', 'Fantasy', 'Italiano', 'Salani', '2020-01-23');
INSERT INTO LIBRO (ISBN, Titolo, Genere, Lingua, Editore, DataPubblicazione) --4
VALUES ('978-88-3100-341-4', 'Harry Potter e il calice di fuoco', 'Fantasy', 'Italiano', 'Salani', '2020-01-23');
INSERT INTO LIBRO (ISBN, Titolo, Genere, Lingua, Editore, DataPubblicazione) --5
VALUES ('978-88-3100-342-1', 'Harry Potter e l''ordine della fenice', 'Fantasy', 'Italiano', 'Salani', '2020-01-23');
INSERT INTO LIBRO (ISBN, Titolo, Genere, Lingua, Editore, DataPubblicazione) --6
VALUES ('978-88-3100-343-8', 'Harry Potter e il principe mezzosangue', 'Fantasy', 'Italiano', 'Salani', '2020-01-23');
INSERT INTO LIBRO (ISBN, Titolo, Genere, Lingua, Editore, DataPubblicazione) --7
VALUES ('978-88-3100-344-5', 'Harry Potter e i doni della morte', 'Fantasy', 'Italiano', 'Salani', '2020-01-23');
INSERT INTO LIBRO (ISBN, Titolo, Genere, Lingua, Editore, DataPubblicazione) --8
VALUES ('978-88-3100-670-5', 'L''Ickabog', 'Fantasy', 'Italiana', 'Salani', '2020-11-10');
INSERT INTO LIBRO (ISBN, Titolo, Genere, Lingua, Editore, DataPubblicazione) --9
VALUES ('978-88-9381-618-2', 'Animali fantastici e dove trovarli', 'Fantasy', 'Italiana', 'Salani', '2017-01-16');
INSERT INTO LIBRO (ISBN, Titolo, Genere, Lingua, Editore, DataPubblicazione) --10
VALUES ('978-88-9381-711-0', 'Animali fantastici - I crimini di Grindelwald', 'Fantasy', 'Italiana', 'Salani', '2018-12-03');
INSERT INTO LIBRO (ISBN, Titolo, Genere, Lingua, Editore, DataPubblicazione) --11
VALUES ('978-88-3101-288-1', 'Animali fantastici - I Segreti di Silente', 'Fantasy', 'Italiana', 'Salani', '2022-07-19');
INSERT INTO LIBRO (ISBN, Titolo, Genere, Lingua, Editore, DataPubblicazione) --12
VALUES ('978-88-4526-834-2', 'Lo Hobbit', 'Fantasy', 'Italiana', 'Bonpiani', '2012-06-20');
INSERT INTO LIBRO (ISBN, Titolo, Genere, Lingua, Editore, DataPubblicazione) --13
VALUES ('978-88-301-0526-3', 'Il Signore Degli Anelli: La compagnia dell''anello', 'Fantasy', 'Italiana', 'Bonpiani', '2021-09-01');
INSERT INTO LIBRO (ISBN, Titolo, Genere, Lingua, Editore, DataPubblicazione) --14
VALUES ('978-88-301-0527-0', 'Il Signore Degli Anelli: Le due torri', 'Fantasy', 'Italiana', 'Bonpiani', '2021-09-01');
INSERT INTO LIBRO (ISBN, Titolo, Genere, Lingua, Editore, DataPubblicazione) --15
VALUES ('978-88-301-0528-6', 'Il Signore Degli Anelli: Il ritorno del re', 'Fantasy', 'Italiana', 'Bonpiani', '2021-09-01');
INSERT INTO LIBRO (ISBN, Titolo, Genere, Lingua, Editore, DataPubblicazione) --16
VALUES ('978-88-452-7240-0', 'Il Silmarillion', 'Fantasy', 'Italiana', 'Bonpiani', '2013-01-23');
INSERT INTO LIBRO (ISBN, Titolo, Genere, Lingua, Editore, DataPubblicazione) --17
VALUES ('978-85-1878-937-1', 'Le quattro stagioni', 'Didattico', 'Italiana', 'Independently published', '2021-06-15');
INSERT INTO LIBRO (ISBN, Titolo, Genere, Lingua, Editore, DataPubblicazione) --18
VALUES ('978-88-6137-869-8', 'Matematica al volo in quarta', 'Didattico', 'Italiana', 'Erickson', '2011-09-01');
INSERT INTO LIBRO (ISBN, Titolo, Genere, Lingua, Editore, DataPubblicazione) --19
VALUES ('978-88-5902-669-3', 'Leggere al volo', 'Didattico', 'Italiana', 'Erickson', '2020-05-13');
INSERT INTO LIBRO (ISBN, Titolo, Genere, Lingua, Editore, DataPubblicazione) --20
VALUES ('978-88-207-3383-4', 'Elementi di analisi matematica uno', 'Didattico', 'Italiana', 'Liguori', '2016-02-01');
INSERT INTO LIBRO (ISBN, Titolo, Genere, Lingua, Editore, DataPubblicazione) --21
VALUES ('978-88-9190-165-1', 'Il linguaggio C', 'Didattico','Italiana', 'Pearson', '2016-09-01');
INSERT INTO LIBRO (ISBN, Titolo, Genere, Lingua, Editore, DataPubblicazione) --22
VALUES ('978-88-4529-530-0', 'Shining', 'Horror', 'Italiana', 'Bonpiani', '2017-09-20');
INSERT INTO LIBRO (ISBN, Titolo, Genere, Lingua, Editore, DataPubblicazione) --23
VALUES ('978-88-2009-266-5', 'Doctor Sleep', 'Horror', 'Italiana', 'Sperling & Kupfer', '2013-09-24');
INSERT INTO LIBRO (ISBN, Titolo, Genere, Lingua, Editore, DataPubblicazione) --24
VALUES ('978-88-6836-562-2', 'IT', 'Horror', 'Italiana', 'Sperling & Kupfer', '2019-07-23');
INSERT INTO LIBRO (ISBN, Titolo, Genere, Lingua, Editore, DataPubblicazione) --25
VALUES ('978-88-8560-312-7', 'Dammi Mille Baci', 'Rosa', 'Italiani', 'Always Publishing', '2018-06-21');
INSERT INTO LIBRO (ISBN, Titolo, Genere, Lingua, Editore, DataPubblicazione) --26
VALUES ('978-12-8007-876-6', 'Non proprio un colpo di fulmine', 'Rosa', 'Italiana', 'Always Publishing', '2022-11-25');
INSERT INTO LIBRO (ISBN, Titolo, Genere, Lingua, Editore, DataPubblicazione) --27
VALUES ('978-12-8007-834-6', 'L''amico del cuore', 'Rosa', 'Italiana', 'Always Publishing', '2022-03-17');
INSERT INTO LIBRO (ISBN, Titolo, Genere, Lingua, Editore, DataPubblicazione) --28
VALUES ('978-88-8560-324-0', 'La fattoria dei nuovi inizi', 'Rosa', 'Italiana', 'Always Publishing', '2019-01-31');
INSERT INTO LIBRO (ISBN, Titolo, Genere, Lingua, Editore, DataPubblicazione) --29
VALUES ('978-88-6311-435-5', 'La fattoria degli animali', 'Classico', 'Italiana', 'Liberamente', '2020-01-01');
INSERT INTO LIBRO (ISBN, Titolo, Genere, Lingua, Editore, DataPubblicazione) --30
VALUES ('978-88-9543-776-7', 'Christmas Carol', 'Classico', 'Italiana', 'Caravaggio Editore', '2018-10-15');

-- SCRITTURA_L --

INSERT INTO SCRITTURA_L (ISBN, CodA) -- Inizio Serie Harry Potter --
VALUES ('978-88-3100-338-4', 65);
INSERT INTO SCRITTURA_L (ISBN, CodA)
VALUES ('978-88-3100-339-1', 65);
INSERT INTO SCRITTURA_L (ISBN, CodA)
VALUES ('978-88-3100-340-7', 65);
INSERT INTO SCRITTURA_L (ISBN, CodA)
VALUES ('978-88-3100-341-4', 65);
INSERT INTO SCRITTURA_L (ISBN, CodA)
VALUES ('978-88-3100-342-1', 65);
INSERT INTO SCRITTURA_L (ISBN, CodA)
VALUES ('978-88-3100-343-8', 65);
INSERT INTO SCRITTURA_L (ISBN, CodA) -- Fine Serie Harry Potter --
VALUES ('978-88-3100-344-5', 65);
INSERT INTO SCRITTURA_L (ISBN, CodA)
VALUES ('978-88-3100-670-5', 65);
INSERT INTO SCRITTURA_L (ISBN, CodA) -- Inizio Serie Animali Fantastici --
VALUES ('978-88-9381-618-2', 65);
INSERT INTO SCRITTURA_L (ISBN, CodA)
VALUES ('978-88-9381-711-0', 65);
INSERT INTO SCRITTURA_L (ISBN, CodA)
VALUES ('978-88-3101-288-1', 65);
INSERT INTO SCRITTURA_L (ISBN, CodA) -- Fine Serie Animali Fantastici --
VALUES ('978-88-3101-288-1', 66);
INSERT INTO SCRITTURA_L (ISBN, CodA)
VALUES ('978-88-4526-834-2', 67);
INSERT INTO SCRITTURA_L (ISBN, CodA) -- Inizio Serie Signore degli Anelli --
VALUES ('978-88-301-0526-3', 67);
INSERT INTO SCRITTURA_L (ISBN, CodA)
VALUES ('978-88-301-0527-0', 67);
INSERT INTO SCRITTURA_L (ISBN, CodA) -- Fine Serie Signore degli Anelli --
VALUES ('978-88-301-0528-6', 67);
INSERT INTO SCRITTURA_L (ISBN, CodA)
VALUES ('978-88-452-7240-0', 67);
INSERT INTO SCRITTURA_L (ISBN, CodA)
VALUES ('978-85-1878-937-1', 68);
INSERT INTO SCRITTURA_L (ISBN, CodA)
VALUES ('978-88-6137-869-8', 69);
INSERT INTO SCRITTURA_L (ISBN, CodA)
VALUES ('978-88-5902-669-3', 69);
INSERT INTO SCRITTURA_L (ISBN, CodA)
VALUES ('978-88-207-3383-4', 70);
INSERT INTO SCRITTURA_L (ISBN, CodA)
VALUES ('978-88-207-3383-4', 71);
INSERT INTO SCRITTURA_L (ISBN, CodA)
VALUES ('978-88-9190-165-1', 72);
INSERT INTO SCRITTURA_L (ISBN, CodA)
VALUES ('978-88-9190-165-1', 73);
INSERT INTO SCRITTURA_L (ISBN, CodA)
VALUES ('978-88-4529-530-0', 74); -- Shining
INSERT INTO SCRITTURA_L (ISBN, CodA)
VALUES ('978-88-2009-266-5', 74); -- Doctor Sleep
INSERT INTO SCRITTURA_L (ISBN, CodA)
VALUES ('978-88-6836-562-2', 74); -- IT
INSERT INTO SCRITTURA_L (ISBN, CodA)
VALUES ('978-88-8560-312-7', 75);
INSERT INTO SCRITTURA_L (ISBN, CodA)
VALUES ('978-12-8007-876-6', 76);
INSERT INTO SCRITTURA_L (ISBN, CodA)
VALUES ('978-12-8007-834-6', 77);
INSERT INTO SCRITTURA_L (ISBN, CodA)
VALUES ('978-88-8560-324-0', 78);
INSERT INTO SCRITTURA_L (ISBN, CodA)
VALUES ('978-88-6311-435-5', 79);
INSERT INTO SCRITTURA_L (ISBN, CodA)
VALUES ('978-88-9543-776-7', 80);

