
-- UTENTE --

INSERT INTO UTENTE (Username, Email, pw, PartitaIva, Nome, Cognome)
VALUES ('Admin1', 'giovanni.riccio6@studenti.unina.it', 'admin', '00000000001', 'Giovanni', 'Riccio');
INSERT INTO UTENTE (Username, Email, pw, PartitaIva, Nome, Cognome)
VALUES ('Admin2', 'gen.nappo@studenti.unina.it', 'admin', '00000000002', 'Gennaro', 'Nappo');
INSERT INTO UTENTE (Username, Email, pw, PartitaIva, Nome, Cognome)
VALUES ('Giudil', 'giulio.dilorenzo@gmail.com', 'a1b2c3', '73291990775', 'Giulio', 'Di Lorenzo');
INSERT INTO UTENTE (Username, Email, pw, PartitaIva, Nome, Cognome)
VALUES ('Irmluc', 'irma.lucciano@gmail.com', 'd4e5f6', '48645480756', 'Irma', 'Lucciano');
INSERT INTO UTENTE (Username, Email, pw, PartitaIva, Nome, Cognome)
VALUES ('Rosbru', 'rosario.bruno@gmail.com', 'g7h8i9', '31265250287', 'Rosario', 'Bruno');
INSERT INTO UTENTE (Username, Email, pw, PartitaIva, Nome, Cognome)
VALUES ('Waffer', 'walter.fallacci@gmail.com', 'l0m1n2', '73073560895', 'Walter', 'Fallacci');
INSERT INTO UTENTE (Username, Email, pw, PartitaIva, Nome, Cognome)
VALUES ('Benriz', 'bene.rizzo@gmail.com', 'o2p4q5', '39364160828', 'Benedetta', 'Rizzo');
INSERT INTO UTENTE (Username, Email, pw, PartitaIva, Nome, Cognome)
VALUES ('DonRodrigo', 'manzoni.lover@libero.it', 'amolucia1327', '43511610404', 'Rodrigo', 'Padovano');
INSERT INTO UTENTE (Username, Email, pw, Nome, Cognome)
VALUES ('Flomil', 'floramilano@outlook.com', 'r6s7t8','Flora', 'Milano');
INSERT INTO UTENTE (Username, Email, pw, Nome, Cognome)
VALUES ('Corinnio', 'corinna.onnio88@gmail.com', 'pretzel15', 'Corinna', 'Onnio');
INSERT INTO UTENTE (Username, Email, pw, Nome, Cognome)
VALUES ('Etzio', 'ettore.mazzanti@libero.it', 'u9v0z1', 'Ettore', 'Mazzanti');
INSERT INTO UTENTE (Username, Email, pw, Nome, Cognome)
VALUES ('Elio69', 'eliogreco68@outlook.com', 'ilovechimica12', 'Elio', 'Greco');
INSERT INTO UTENTE (Username, Email, pw, Nome, Cognome)
VALUES ('Fernindx', 'Fernando.napoli@libero.it', 'Napoli2003', 'Fernando', 'Arcuri');
INSERT INTO UTENTE (Username, Email, pw, Nome, Cognome)
VALUES ('CatCat', 'cat.lover.2002@gmail.com', 'animeloverNYA', 'Caterina', 'Cattaneo');
INSERT INTO UTENTE (Username, Email, pw, Nome, Cognome)
VALUES ('ConteDiCavour', 'Camillo.purosangue@outlook.com', 'prince123', 'Camillo', 'Bellucci');
INSERT INTO UTENTE (Username, Email, pw, Nome, Cognome)
VALUES ('Baguette', 'rosetta.scarpetta@paninarodifiducia.it', 'ilovebakery33', 'Luciano', 'Pagnotto');
INSERT INTO UTENTE (Username, Email, pw, Nome, Cognome)
VALUES ('Imma', 'hounferrointasca@gmail.com', 'ak-42<3', 'Imma', 'Ferri');
INSERT INTO UTENTE (Username, Email, pw, Nome, Cognome)
VALUES ('Porticata', 'sara.cinesca@libero.it', 'sarachiusa?', 'Sara', 'Cinesca');
INSERT INTO UTENTE (Username, Email, pw, Nome, Cognome)
VALUES ('ErPupone', 'ilary.mi.ha.lasciato@roma.it', 'Siefragatairolex', 'Francesco', 'Totti');
INSERT INTO UTENTE (Username, Email, pw, Nome, Cognome)
VALUES ('Leoncino', 'ilkingdellagiungla@gmail.com', 'Staseramisentounleone33', 'Leon', 'Cino');
INSERT INTO UTENTE (Username, Email, pw, Nome, Cognome)
VALUES ('Cruzz_o_portier', 'popopopo@gmail.com', 'fozzanapoli', 'Ciro', 'Esposito');
INSERT INTO UTENTE (Username, Email, pw, Nome, Cognome)
VALUES ('Bocciolo', 'pratofiorito@outlook.com', 'fiordariso11', 'Fiore', 'Dell Orto');
INSERT INTO UTENTE (Username, Email, pw, Nome, Cognome)
VALUES ('Afreducciopanevino', 'dalcaldo.alfredo@gmail.com', 'microonde69', 'Alfredo', 'Dal Caldo');
INSERT INTO UTENTE (Username, Email, pw, Nome, Cognome)
VALUES ('Morfeo13', 'russo.felice@studenti.unina.it', 'Pisolino41', 'Felice', 'Russo');
INSERT INTO UTENTE (Username, Email, pw, Nome, Cognome)
VALUES ('PenneRigateN11', 'labarillafaschifo@gmail.com', 'Cavatelli11', 'Gustavo', 'La Pasta');
INSERT INTO UTENTE (Username, Email, pw, Nome, Cognome)
VALUES ('Prosteyshiy Sputnik-1', 'massimo.ingegno@studenti.unina.it', 'E=mc^2', 'Massimo', 'Ingegno');
INSERT INTO UTENTE (Username, Email, pw, Nome, Cognome)
VALUES ('Macinino45', 'pepe.rosa@saliera.net', 'Himalaya33', 'Rosa', 'Pepe');
INSERT INTO UTENTE (Username, Email, pw, Nome, Cognome)
VALUES ('IlPapaRegna', 'abbasso.putin@outlook.com', 'peaceandlove22', 'Perla', 'Pace');
INSERT INTO UTENTE (Username, Email, pw, Nome, Cognome)
VALUES ('Ilario', 'Lampa.Dario@studenti.unina.it', 'hocambiatofacolta11', 'Dario', 'Lampa');
INSERT INTO UTENTE (Username, Email, pw, Nome, Cognome)
VALUES ('ImpastoLievitato', 'pizza.margherita@vivanapoli.it', 'Sorbillo<3', 'Margherita', 'Pizza');

-- LIBRERIA --

INSERT INTO LIBRERIA (NumeroTelefonico, Nome, SitoWeb, Indirizzo, Gestore)
VALUES ('0819264947', 'Hoshizora Club' ,'www.hoshizoraclub.it', 'Via Tito Speri 5, 80014, Giugliano in Campania (Na), Napoli, Italia', 'admin1');
INSERT INTO LIBRERIA (NumeroTelefonico, Nome, Indirizzo, Gestore)
VALUES ('0813044196', 'Libreria Nappo','Corso Sirena 85, 80147, Napoli, Italia', 'admin2');
INSERT INTO LIBRERIA (NumeroTelefonico, Nome, SitoWeb, Indirizzo, Gestore)
VALUES ('0818595071', 'DigitalWorldCommunity', 'www.digitalworldcommunity.com', 'Via Marchesella 7, 80014, Giugliano in Campania (Na), Napoli, Italia', 'admin1');
INSERT INTO LIBRERIA (NumeroTelefonico, Nome, Indirizzo, Gestore)
VALUES ('0815522005', 'Libreria Fiorentino', 'Via Trinita Maggiore 35, 80134, Napoli, Italia', 'Giudil');
INSERT INTO LIBRERIA (NumeroTelefonico, Nome, Indirizzo, Gestore)
VALUES ('0811957597', 'Libreria Libridine', 'Via Armando Diaz 71, 80055, Portici (Na), Napoli, Italia', 'Irmluc');
INSERT INTO LIBRERIA (NumeroTelefonico, Nome, SitoWeb, Indirizzo, Gestore)
VALUES ('0814722075', 'Libreria Marsiglia', 'www.libreriamarsiglia.it', 'Via San Martino 99, 80046, San Giorgio A Cremano (Na), Napoli, Italia', 'Rosbru');
INSERT INTO LIBRERIA (NumeroTelefonico, Nome, SitoWeb, Indirizzo, Gestore)
VALUES ('0814542280', 'Libreria Cartoleria Fallacci', 'www.libreriafallacci.wixsite.com/website', 'Piazza Cavour 55/56, 80137, Napoli, Italia', 'Waffer');
INSERT INTO LIBRERIA (NumeroTelefonico, Nome, SitoWeb, Indirizzo, Gestore)
VALUES ('0372462435', 'Mondadori BookStore', 'www.mondadoristore.it/negozi/punti-vendita/Mondadori-Bookstore', 'Piazza Antonio Stradivari 6, 26100, Cremona, Italia', 'Benriz');
INSERT INTO LIBRERIA (NumeroTelefonico, Nome, SitoWeb, Indirizzo, Gestore)
VALUES ('0374344667', 'Mondadori Point', 'www.mondadoristore.it/negozi/punti-vendita/Mondadori-Point-Soresina/1570/', 'Via IV Novembre 19, 26015, Soresina (Cr), Cremona, Italia', 'Benriz');
INSERT INTO LIBRERIA (NumeroTelefonico, Nome, SitoWeb, Indirizzo, Gestore)
VALUES ('0372237480', 'Feltrinelli Libri e Musica', 'www.lafeltrinelli.it', 'Corso Giuseppe Mazzini 20, 26100, Cremona, Italia', 'DonRodrigo');
INSERT INTO LIBRERIA (NumeroTelefonico, Nome, SitoWeb, Indirizzo, Gestore)
VALUES ('0291947777', 'Feltrinelli Libreria', 'www.lafeltrinelli.it', 'Via Camillo Benso Cavour 1, 29121, Piacenza, Italia', 'DonRodrigo');

-- RIVISTA --

INSERT INTO RIVISTA (ISSN, Editore, Argomento, CognomeR, NomeR, Titolo, AnnoPubblicazione)
VALUES ('0036-8083', 'GEDI Gruppo Editoriale', 'Tecnologia', 'Cattaneo', 'Marco', 'Le Scienze', 1968);
INSERT INTO RIVISTA (ISSN, Editore, Argomento, CognomeR, NomeR, Titolo, AnnoPubblicazione)
VALUES ('0027-9358', 'National Geographic Society', 'Natura', 'Cattaneo', 'Marco', 'National Geographic Magazine', 1888);
INSERT INTO RIVISTA (ISSN, Editore, Argomento, CognomeR, NomeR, Titolo, AnnoPubblicazione)
VALUES ('0026-4423', 'GEDI Gruppo Editoriale', 'Psicologia', 'Cattaneo', 'Marco', 'Mind', 2003);
INSERT INTO RIVISTA (ISSN, Editore, Argomento, CognomeR, NomeR, Titolo, AnnoPubblicazione)
VALUES ('2724-2641', 'Gruppo B Editore', 'Scienze', 'Hack', 'Margherita', 'Le Stelle', 2002);
INSERT INTO RIVISTA (ISSN, Editore, Argomento, CognomeR, NomeR, Titolo, AnnoPubblicazione)
VALUES ('2531-3975', 'Giovanna Truda', 'Scienze Umane', 'Fangone', 'Emiliana', 'Culture e Studi del Sociale', 2022);
INSERT INTO RIVISTA (ISSN, Editore, Argomento, CognomeR, NomeR, Titolo, AnnoPubblicazione)
VALUES ('1357-1915', 'Arnoldo Mondadori Editore', 'Scienze', 'Loredan', 'Jacopo', 'Focus', 1992);
INSERT INTO RIVISTA (ISSN, Editore, Argomento, CognomeR, NomeR, Titolo, AnnoPubblicazione)
VALUES ('0390-5543', 'Mondadori Education S.p.A', 'Matematica', 'Natalini', 'Roberto', 'Archimede', 1902);
INSERT INTO RIVISTA (ISSN, Editore, Argomento, CognomeR, NomeR, Titolo, AnnoPubblicazione)
VALUES ('0036-4681', 'Edizioni Dedalo', 'Scienze', 'Armaroli', 'Nicola', 'Sapere', 1935);

-- Articolo Scientifico --

INSERT INTO ARTICOLO_SCIENTIFICO (DOI, Titolo, AnnoPubblicazione)
VALUES ('10-00001', "Che cosa significa allineare l''inteliggenza artificiale ai valori umani?", 2022); 
INSERT INTO ARTICOLO_SCIENTIFICO (DOI, Titolo, AnnoPubblicazione)
VALUES ('10-00002', 'Evaluating Understanding on Conceptual Abstraction Benchmarks', 2022);
INSERT INTO ARTICOLO_SCIENTIFICO (DOI, Titolo, AnnoPubblicazione)
VALUES ('10-00003', 'Un''intelligenza artificiale è capace di prevedere le nuove sostanze psicoattive', 2022);
INSERT INTO ARTICOLO_SCIENTIFICO (DOI, Titolo, AnnoPubblicazione)
VALUES ('10-00004', 'A volte ritornano? Viaggio tra i tentativi di riportare in vita "il mondo perduto"', 2019);
INSERT INTO ARTICOLO_SCIENTIFICO (DOI, Titolo, AnnoPubblicazione)
VALUES ('10-00005', 'Uguale o diverso? Le reti neurali stentano a rispondere', 2021);
INSERT INTO ARTICOLO_SCIENTIFICO (DOI, Titolo, AnnoPubblicazione)
VALUES ('10-00006', 'Combattere i tumori con l''intelligenza artificiale', 2020);
INSERT INTO ARTICOLO_SCIENTIFICO (DOI, Titolo, AnnoPubblicazione)
VALUES ('10-00007', 'Computers tell us who to date, who to jail: But should they?', 2018);
INSERT INTO ARTICOLO_SCIENTIFICO (DOI, Titolo, AnnoPubblicazione)
VALUES ('10-00008', 'How Your Brain May One Day Control Your Computer', 2018);
INSERT INTO ARTICOLO_SCIENTIFICO (DOI, Titolo, AnnoPubblicazione)
VALUES ('10-00009', 'Computers Decipher Burnt Scroll Found in Ancient Holy Ark', 2016);
INSERT INTO ARTICOLO_SCIENTIFICO (DOI, Titolo, AnnoPubblicazione)
VALUES ('10-00010', 'For girls in science, the time is now', 2019);
INSERT INTO ARTICOLO_SCIENTIFICO (DOI, Titolo, AnnoPubblicazione)
VALUES ('10-00011', 'How will this pandemic disrupt science?', 2020);
INSERT INTO ARTICOLO_SCIENTIFICO (DOI, Titolo, AnnoPubblicazione)
VALUES ('10-00012', 'Bluer blues and blacker blacks? How science is enhancing colors', 2020);
INSERT INTO ARTICOLO_SCIENTIFICO (DOI, Titolo, AnnoPubblicazione)
VALUES ('10-00013', 'La mente e l''ambiente', 2022);
INSERT INTO ARTICOLO_SCIENTIFICO (DOI, Titolo, AnnoPubblicazione)
VALUES ('10-00014', 'Psichiatria digitale', 2022);
INSERT INTO ARTICOLO_SCIENTIFICO (DOI, Titolo, AnnoPubblicazione)
VALUES ('10-00015', 'A mente fredda', 2022);
INSERT INTO ARTICOLO_SCIENTIFICO (DOI, Titolo, AnnoPubblicazione)
VALUES ('10-00016', 'Lenire il trauma con la scrittura', 2022);
INSERT INTO ARTICOLO_SCIENTIFICO (DOI, Titolo, AnnoPubblicazione)
VALUES ('10-00017', 'Una nuova psichiatria', 2022);
INSERT INTO ARTICOLO_SCIENTIFICO (DOI, Titolo, AnnoPubblicazione)
VALUES ('10-00018', 'Le strutture della corona', 2006);
INSERT INTO ARTICOLO_SCIENTIFICO (DOI, Titolo, AnnoPubblicazione)
VALUES ('10-00019', 'La distanza della Stella di Teegarden', 2006);
INSERT INTO ARTICOLO_SCIENTIFICO (DOI, Titolo, AnnoPubblicazione)
VALUES ('10-00020', 'SBIG DSS7 astrofisica', 2006);
INSERT INTO ARTICOLO_SCIENTIFICO (DOI, Titolo, AnnoPubblicazione)
VALUES ('10-00021', 'Megastelle', 2006);
INSERT INTO ARTICOLO_SCIENTIFICO (DOI, Titolo, AnnoPubblicazione)
VALUES ('10-00022', 'Le prime luci sull’Era Oscura', 2006);
INSERT INTO ARTICOLO_SCIENTIFICO (DOI, Titolo, AnnoPubblicazione)
VALUES ('10-00023', 'Che fine farà la nuova macchia di Giove?', 2006);
INSERT INTO ARTICOLO_SCIENTIFICO (DOI, Titolo, AnnoPubblicazione)
VALUES ('10-00024', 'Una camera planetaria eccellente', 2006);
INSERT INTO ARTICOLO_SCIENTIFICO (DOI, Titolo, AnnoPubblicazione)
VALUES ('10-00025', 'Un quasar in ogni galassia?', 2006);
INSERT INTO ARTICOLO_SCIENTIFICO (DOI, Titolo, AnnoPubblicazione)
VALUES ('10-00026', 'Nebulosa Granchio: chi la vide nascere', 2006);
INSERT INTO ARTICOLO_SCIENTIFICO (DOI, Titolo, AnnoPubblicazione)
VALUES ('10-00027', 'Per un welfare sostenibile e innovativo', 2016);
INSERT INTO ARTICOLO_SCIENTIFICO (DOI, Titolo, AnnoPubblicazione)
VALUES ('10-00028', 'Il futuro della cooperazione sociale nelle ipotesi di welfare', 2016);
INSERT INTO ARTICOLO_SCIENTIFICO (DOI, Titolo, AnnoPubblicazione)
VALUES ('10-00029', 'Pratica sportiva e lavoro sociale tra stato, mercato e comunità', 2017);
INSERT INTO ARTICOLO_SCIENTIFICO (DOI, Titolo, AnnoPubblicazione)
VALUES ('10-00030', 'Migrazioni mediterranee: Tra allarmismo e risorsa sociale', 2017);
INSERT INTO ARTICOLO_SCIENTIFICO (DOI, Titolo, AnnoPubblicazione)
VALUES ('10-00031', 'Per una cittadinanza globale: Percorsi di vita e traiettorie formative dei giovani', 2018);
INSERT INTO ARTICOLO_SCIENTIFICO (DOI, Titolo, AnnoPubblicazione)
VALUES ('10-00032', 'Il ruolo culturale della comunicazione sociale', 2018);
INSERT INTO ARTICOLO_SCIENTIFICO (DOI, Titolo, AnnoPubblicazione)
VALUES ('10-00033', 'Le lenti a contatto intelligenti', 2022);
INSERT INTO ARTICOLO_SCIENTIFICO (DOI, Titolo, AnnoPubblicazione)
VALUES ('10-00034', 'L’ologramma del primo tatuaggio NFT realizzato nel metaverso', 2022);
INSERT INTO ARTICOLO_SCIENTIFICO (DOI, Titolo, AnnoPubblicazione)
VALUES ('10-00035', 'Internet: quanto lo usiamo?', 2022);
INSERT INTO ARTICOLO_SCIENTIFICO (DOI, Titolo, AnnoPubblicazione)
VALUES ('10-00036', 'Quali sono le password più sicure?', 2022);
INSERT INTO ARTICOLO_SCIENTIFICO (DOI, Titolo, AnnoPubblicazione)
VALUES ('10-00037', 'Un esame virtuale per rinnovare la patente?', 2022);
INSERT INTO ARTICOLO_SCIENTIFICO (DOI, Titolo, AnnoPubblicazione)
VALUES ('10-00038', 'Una tempesta solare può provocare un''apocalisse digitale', 2022);

-- AUTORE --

INSERT INTO AUTORE (Nome, Cognome)
VALUES ('Melanie', 'Mitchell');
INSERT INTO AUTORE (Nome, Cognome)
VALUES ('Victor Vikram', 'Odouard');
INSERT INTO AUTORE (Nome, Cognome, Nazionalita)
VALUES ('Massimo', 'Sandal', 'Italiana');
INSERT INTO AUTORE (Nome, Cognome)
VALUES ('John', 'Pavlus');
INSERT INTO AUTORE (Nome, Cognome, Nazionalita)
VALUES ('Esther', 'Landhuis', 'Statunitense');
INSERT INTO AUTORE (Nome, Cognome, Nazionalita, DataNascita)
VALUES ('Simon', 'Worrall', 'Inglese', '1968-06-18');
INSERT INTO AUTORE (Nome, Cognome)
VALUES ('Christina', 'Nunez');
INSERT INTO AUTORE (Nome, Cognome, Nazionalita)
VALUES ('Michael', 'Greshko', 'Statunitense');
INSERT INTO AUTORE (Nome, Cognome, Nazionalita)
VALUES ('Claudia', 'Kalb', 'Cinese');
INSERT INTO AUTORE (Nome, Cognome, Nazionalita, DataNascita)
VALUES ('Victoria', 'Jaggard', 'Statunitense', '1999-07-02');
INSERT INTO AUTORE (Nome, Cognome, Nazionalita)
VALUES ('Sarah', 'Gibbens', 'Statunitense');
INSERT INTO AUTORE (Nome, Cognome, Nazionalita)
VALUES ('Giulia', 'Mondanini', 'Italiana');
INSERT INTO AUTORE (Nome, Cognome, Nazionalita)
VALUES ('Paola Emilia', 'Cicerone', 'Italiana');
INSERT INTO AUTORE (Nome, Cognome, Nazionalita)
VALUES ('Frank', 'Luerweg', 'Tedesca');
INSERT INTO AUTORE (Nome, Cognome, Nazionalita)
VALUES ('Nayla', 'Chidiac', 'Francese');
INSERT INTO AUTORE (Nome, Cognome, Nazionalita)
VALUES ('Mattia', 'Maccarone', 'Italiana');
INSERT INTO AUTORE (Nome, Cognome, Nazionalita, DataNascita)
VALUES ('Maurice', 'Hamilton', 'Canadese', '1923-04-04');
INSERT INTO AUTORE (Nome, Cognome, Nazionalita, DataNascita)
VALUES ('Tom', 'Stafford', 'Statunitense', '1930-09-17');
INSERT INTO AUTORE (Nome, Cognome, Nazionalita, DataNascita)
VALUES ('Flavio', 'Castellani', 'Italiana', '1957-11-23');
INSERT INTO AUTORE (Nome, Cognome, Nazionalita, DataNascita)
VALUES ('Marcello', 'Felli', 'Italiana', '1920-06-25');
INSERT INTO AUTORE (Nome, Cognome, Nazionalita)
VALUES ('Geof', 'Macdonald', 'Canadese');
INSERT INTO AUTORE (Nome, Cognome, Nazionalita)
VALUES ('Volker', 'Bromm', 'Statunitense');
INSERT INTO AUTORE (Nome, Cognome, Nazionalita)
VALUES ('Edwin', 'Aguirre', 'Canadese');
INSERT INTO AUTORE (Nome, Cognome)
VALUES ('Sean', 'Walker');
INSERT INTO AUTORE (Nome, Cognome)
VALUES ('Robert', 'Irion');
INSERT INTO AUTORE (Nome, Cognome, DataNascita)
VALUES ('Francis Richard', 'Stephenson', '1941-04-26');
INSERT INTO AUTORE (Nome, Cognome, Nazionalita)
VALUES ('David', 'Green', 'Inglese');
INSERT INTO AUTORE (Nome, Cognome, Nazionalita, DataNascita)
VALUES ('Emiliana', 'Mangone', 'Italiana', '1970-02-02');
INSERT INTO AUTORE (Nome, Cognome, Nazionalita, DataNascita)
VALUES ('Pierpaolo', 'Donati', 'Italiana', '1946-09-30');
INSERT INTO AUTORE (Nome, Cognome, Nazionalita)
VALUES ('Francesco', 'Pirone', 'Italiana');
INSERT INTO AUTORE (Nome, Cognome, Nazionalita, DataNascita)
VALUES ('Claudio', 'Marra', 'Italiana', '1959-06-24');
INSERT INTO AUTORE (Nome, Cognome, Nazionalita, DataNascita)
VALUES ('Paolo', 'Diana', 'Italiana', '1992-02-02');
INSERT INTO AUTORE (Nome, Cognome, Nazionalita)
VALUES ('Michela', 'Freddano', 'Italiana');
INSERT INTO AUTORE (Nome, Cognome, Nazionalita, DataNascita)
VALUES ('Francesco', 'Pira', 'Italiana', '1965-08-09');
INSERT INTO AUTORE (Nome, Cognome, Nazionalita)
VALUES ('Antonia', 'Cava', 'Italiana');
INSERT INTO AUTORE (Nome, Cognome, Nazionalita)
VALUES ('Rebecca', 'Mantovani', 'Italiana');
INSERT INTO AUTORE (Nome, Cognome)
VALUES ('Unknown', 'Unknown');
INSERT INTO AUTORE (Nome, Cognome, Nazionalita, DataNascita)
VALUES ('Chiara', 'Guzzonato', 'Italiana', '1974-02-23'); 
INSERT INTO AUTORE (Nome, Cognome, Nazionalita, DataNascita)
VALUES ('', '', '', '');

-- SCRITTURA_A --

INSERT INTO SCRITTURA_A (DOI, CodA)
VALUES ('10-00001', 1);
INSERT INTO SCRITTURA_A (DOI, CodA)
VALUES ('10-00002', 1);
INSERT INTO SCRITTURA_A (DOI, CodA)
VALUES ('10-00002', 2);
INSERT INTO SCRITTURA_A (DOI, CodA)
VALUES ('10-00003', 3);
INSERT INTO SCRITTURA_A (DOI, CodA)
VALUES ('10-00004', 3);
INSERT INTO SCRITTURA_A (DOI, CodA)
VALUES ('10-00005', 4);
INSERT INTO SCRITTURA_A (DOI, CodA)
VALUES ('10-00006', 5);
INSERT INTO SCRITTURA_A (DOI, CodA)
VALUES ('10-00007', 6);
INSERT INTO SCRITTURA_A (DOI, CodA)
VALUES ('10-00008', 7);
INSERT INTO SCRITTURA_A (DOI, CodA)
VALUES ('10-00009', 8);
INSERT INTO SCRITTURA_A (DOI, CodA)
VALUES ('10-00010', 9);
INSERT INTO SCRITTURA_A (DOI, CodA)
VALUES ('10-00011', 10);
INSERT INTO SCRITTURA_A (DOI, CodA)
VALUES ('10-00012', 11);
INSERT INTO SCRITTURA_A (DOI, CodA)
VALUES ('10-00013', 12);
INSERT INTO SCRITTURA_A (DOI, CodA)
VALUES ('10-00014', 13);
INSERT INTO SCRITTURA_A (DOI, CodA)
VALUES ('10-00015', 14);
INSERT INTO SCRITTURA_A (DOI, CodA)
VALUES ('10-00016', 15);
INSERT INTO SCRITTURA_A (DOI, CodA)
VALUES ('10-00017', 16);
INSERT INTO SCRITTURA_A (DOI, CodA)
VALUES ('10-00018', 17);
INSERT INTO SCRITTURA_A (DOI, CodA)
VALUES ('10-00019', 18);
INSERT INTO SCRITTURA_A (DOI, CodA)
VALUES ('10-00020', 19);
INSERT INTO SCRITTURA_A (DOI, CodA)
VALUES ('10-00021', 20);
INSERT INTO SCRITTURA_A (DOI, CodA)
VALUES ('10-00021', 21);
INSERT INTO SCRITTURA_A (DOI, CodA)
VALUES ('10-00022', 22);
INSERT INTO SCRITTURA_A (DOI, CodA)
VALUES ('10-00023', 23);
INSERT INTO SCRITTURA_A (DOI, CodA)
VALUES ('10-00024', 24);
INSERT INTO SCRITTURA_A (DOI, CodA)
VALUES ('10-00025', 25);
INSERT INTO SCRITTURA_A (DOI, CodA)
VALUES ('10-00026', 26);
INSERT INTO SCRITTURA_A (DOI, CodA)
VALUES ('10-00026', 27);
INSERT INTO SCRITTURA_A (DOI, CodA)
VALUES ('10-00027', 28);
INSERT INTO SCRITTURA_A (DOI, CodA)
VALUES ('10-00028', 29);
INSERT INTO SCRITTURA_A (DOI, CodA)
VALUES ('10-00029', 30);
INSERT INTO SCRITTURA_A (DOI, CodA)
VALUES ('10-00030', 31);
INSERT INTO SCRITTURA_A (DOI, CodA)
VALUES ('10-00031', 32);
INSERT INTO SCRITTURA_A (DOI, CodA)
VALUES ('10-00031', 33);
INSERT INTO SCRITTURA_A (DOI, CodA)
VALUES ('10-00032', 34);
INSERT INTO SCRITTURA_A (DOI, CodA)
VALUES ('10-00032', 35);
INSERT INTO SCRITTURA_A (DOI, CodA)
VALUES ('10-00033', 36);
INSERT INTO SCRITTURA_A (DOI, CodA)
VALUES ('10-00034', 37);
INSERT INTO SCRITTURA_A (DOI, CodA)
VALUES ('10-00035', 38);
INSERT INTO SCRITTURA_A (DOI, CodA)
VALUES ('10-00036', 38);
INSERT INTO SCRITTURA_A (DOI, CodA)
VALUES ('10-00037', 36);
INSERT INTO SCRITTURA_A (DOI, CodA)
VALUES ('10-00038', 36);

-- FASCICOLO --

INSERT INTO FASCICOLO (Numero, Editore, DataPubblicazione, ISSN)
VALUES (1, 'GEDI Gruppo Editoriale', '2021-12-28', '0036-8083');
INSERT INTO FASCICOLO (Numero, Editore, DataPubblicazione, ISSN)
VALUES (2, 'GEDI Gruppo Editoriale', '2022-01-28', '0036-8083');
INSERT INTO FASCICOLO (Numero, Editore, DataPubblicazione, ISSN)
VALUES (1, 'National Geographic Society', '2020-01-01', '0027-9358');
INSERT INTO FASCICOLO (Numero, Editore, DataPubblicazione, ISSN)
VALUES (2, 'National Geographic Society', '2020-02-01', '0027-9358');
INSERT INTO FASCICOLO (Numero, Editore, DataPubblicazione, ISSN)
VALUES (1, 'GEDI Gruppo Editoriale', '2022-12-05', '0026-4423');
INSERT INTO FASCICOLO (Numero, Editore, DataPubblicazione, ISSN)
VALUES (42, 'Gruppo B Editore', '2006-07-29', '2724-2641');
INSERT INTO FASCICOLO (Numero, Editore, DataPubblicazione, ISSN)
VALUES (43, 'Gruppo B Editore', '2006-08-27', '2724-2641');
INSERT INTO FASCICOLO (Numero, Editore, DataPubblicazione, ISSN)
VALUES (44, 'Gruppo B Editore', '2006-09-28', '2724-2641');
INSERT INTO FASCICOLO (Numero, Editore, DataPubblicazione, ISSN)
VALUES (1, 'Giovanna Truda', '2016-06-27', '2531-3975');
INSERT INTO FASCICOLO (Numero, Editore, DataPubblicazione, ISSN)
VALUES (2, 'Giovanna Truda', '2017-06-22', '2531-3975');
INSERT INTO FASCICOLO (Numero, Editore, DataPubblicazione, ISSN)
VALUES (3, 'Giovanna Truda', '2018-06-28', '2531-3975');
INSERT INTO FASCICOLO (Numero, Editore, DataPubblicazione, ISSN)
VALUES (1, 'Arnoldo Mondadori Editore', '2022-12-01', '1357-1915');
INSERT INTO FASCICOLO (Numero, Editore, DataPubblicazione, ISSN)
VALUES (2, 'Arnoldo Mondadori Editore', '2023-01-01', '1357-1915');

-- INTRODUZIONE --

INSERT INTO INTRODUZIONE (CodF, DOI)
VALUES (2, '10-00001');
INSERT INTO INTRODUZIONE (CodF, DOI)
VALUES (2, '10-00002');
INSERT INTO INTRODUZIONE (CodF, DOI)
VALUES (2, '10-00003');
INSERT INTO INTRODUZIONE (CodF, DOI)
VALUES (1, '10-00004');
INSERT INTO INTRODUZIONE (CodF, DOI)
VALUES (1, '10-00005');
INSERT INTO INTRODUZIONE (CodF, DOI)
VALUES (1, '10-00006');
INSERT INTO INTRODUZIONE (CodF, DOI)
VALUES (3, '10-00007');
INSERT INTO INTRODUZIONE (CodF, DOI)
VALUES (3, '10-00008');
INSERT INTO INTRODUZIONE (CodF, DOI)
VALUES (3, '10-00009');
INSERT INTO INTRODUZIONE (CodF, DOI)
VALUES (4, '10-00010');
INSERT INTO INTRODUZIONE (CodF, DOI)
VALUES (4, '10-00011');
INSERT INTO INTRODUZIONE (CodF, DOI)
VALUES (4, '10-00012');
INSERT INTO INTRODUZIONE (CodF, DOI)
VALUES (5, '10-00013');
INSERT INTO INTRODUZIONE (CodF, DOI)
VALUES (5, '10-00014');
INSERT INTO INTRODUZIONE (CodF, DOI)
VALUES (5, '10-00015');
INSERT INTO INTRODUZIONE (CodF, DOI)
VALUES (5, '10-00016');
INSERT INTO INTRODUZIONE (CodF, DOI)
VALUES (5, '10-00017');
INSERT INTO INTRODUZIONE (CodF, DOI)
VALUES (6, '10-00018');
INSERT INTO INTRODUZIONE (CodF, DOI)
VALUES (6, '10-00019');
INSERT INTO INTRODUZIONE (CodF, DOI)
VALUES (6, '10-00020');
INSERT INTO INTRODUZIONE (CodF, DOI)
VALUES (6, '10-00021');
INSERT INTO INTRODUZIONE (CodF, DOI)
VALUES (7, '10-00022');
INSERT INTO INTRODUZIONE (CodF, DOI)
VALUES (7, '10-00023');
INSERT INTO INTRODUZIONE (CodF, DOI)
VALUES (7, '10-00024');
INSERT INTO INTRODUZIONE (CodF, DOI)
VALUES (8, '10-00025');
INSERT INTO INTRODUZIONE (CodF, DOI)
VALUES (8, '10-00026');
INSERT INTO INTRODUZIONE (CodF, DOI)
VALUES (9, '10-00027');
INSERT INTO INTRODUZIONE (CodF, DOI)
VALUES (9, '10-00028');
INSERT INTO INTRODUZIONE (CodF, DOI)
VALUES (10, '10-00029');
INSERT INTO INTRODUZIONE (CodF, DOI)
VALUES (10, '10-00030');
INSERT INTO INTRODUZIONE (CodF, DOI)
VALUES (11, '10-00031');
INSERT INTO INTRODUZIONE (CodF, DOI)
VALUES (11, '10-00032');
INSERT INTO INTRODUZIONE (CodF, DOI)
VALUES (12, '10-00033');
INSERT INTO INTRODUZIONE (CodF, DOI)
VALUES (12, '10-00034');
INSERT INTO INTRODUZIONE (CodF, DOI)
VALUES (12, '10-00035');
INSERT INTO INTRODUZIONE (CodF, DOI)
VALUES (13, '10-00036');
INSERT INTO INTRODUZIONE (CodF, DOI)
VALUES (13, '10-00037');
INSERT INTO INTRODUZIONE (CodF, DOI)
VALUES (13, '10-00038');

