-- UTENTE --
INSERT INTO UTENTE (Username, Email, PasswordU, PartitaIva, Nome, Cognome)
VALUES ('Admin1', 'giovanni.riccio6@studenti.unina.it', 'admin', '00000000001', 'Giovanni', 'Riccio');
INSERT INTO UTENTE (Username, Email, PasswordU, PartitaIva, Nome, Cognome)
VALUES ('Admin2', 'gen.nappo@studenti.unina.it', 'admin', '00000000002', 'Gennaro', 'Nappo');
INSERT INTO UTENTE (Username, Email, PasswordU, PartitaIva, Nome, Cognome)
VALUES ('Giudil', 'giulio.dilorenzo@gmail.com', 'a1b2c3', '73291990775', 'Giulio', 'Di Lorenzo');
INSERT INTO UTENTE (Username, Email, PasswordU, PartitaIva, Nome, Cognome)
VALUES ('Irmluc', 'irma.lucciano@gmail.com', 'd4e5f6', '48645480756', 'Irma', 'Lucciano');
INSERT INTO UTENTE (Username, Email, PasswordU, PartitaIva, Nome, Cognome)
VALUES ('Rosbru', 'rosario.bruno@gmail.com', 'g7h8i9', '31265250287', 'Rosario', 'Bruno');
INSERT INTO UTENTE (Username, Email, PasswordU, PartitaIva, Nome, Cognome)
VALUES ('Waffer', 'walter.fallacci@gmail.com', 'l0m1n2', '73073560895', 'Walter', 'Fallacci');
INSERT INTO UTENTE (Username, Email, PasswordU, PartitaIva, Nome, Cognome)
VALUES ('Benriz', 'bene.rizzo@gmail.com', 'o2p4q5', '39364160828', 'Benedetta', 'Rizzo');
INSERT INTO UTENTE (Username, Email, PasswordU, PartitaIva, Nome, Cognome)
VALUES ('DonRodrigo', 'manzoni.lover@libero.it', 'amolucia1327', '43511610404', 'Rodrigo', 'Padovano');
INSERT INTO UTENTE (Username, Email, PasswordU, Nome, Cognome)
VALUES ('Flomil', 'floramilano@outlook.com', 'r6s7t8','Flora', 'Milano');
INSERT INTO UTENTE (Username, Email, PasswordU, Nome, Cognome)
VALUES ('Corinnio', 'corinna.onnio88@gmail.com', 'pretzel15', 'Corinna', 'Onnio');
INSERT INTO UTENTE (Username, Email, PasswordU, Nome, Cognome)
VALUES ('Etzio', 'ettore.mazzanti@libero.it', 'u9v0z1', 'Ettore', 'Mazzanti');
INSERT INTO UTENTE (Username, Email, PasswordU, Nome, Cognome)
VALUES ('Elio69', 'eliogreco68@outlook.com', 'ilovechimica12', 'Elio', 'Greco');
INSERT INTO UTENTE (Username, Email, PasswordU, Nome, Cognome)
VALUES ('Fernindx', 'Fernando.napoli@libero.it', 'Napoli2003', 'Fernando', 'Arcuri');
INSERT INTO UTENTE (Username, Email, PasswordU, Nome, Cognome)
VALUES ('CatCat', 'cat.lover.2002@gmail.com', 'animeloverNYA', 'Caterina', 'Cattaneo');
INSERT INTO UTENTE (Username, Email, PasswordU, Nome, Cognome)
VALUES ('ConteDiCavour', 'Camillo.purosangue@outlook.com', 'prince123', 'Camillo', 'Bellucci');
INSERT INTO UTENTE (Username, Email, PasswordU, Nome, Cognome)
VALUES ('Baguette', 'rosetta.scarpetta@paninarodifiducia.it', 'ilovebakery33', 'Luciano', 'Pagnotto');
INSERT INTO UTENTE (Username, Email, PasswordU, Nome, Cognome)
VALUES ('Imma', 'hounferrointasca@gmail.com', 'ak-42<3', 'Imma', 'Ferri');
INSERT INTO UTENTE (Username, Email, PasswordU, Nome, Cognome)
VALUES ('Porticata', 'sara.cinesca@libero.it', 'sarachiusa?', 'Sara', 'Cinesca');
INSERT INTO UTENTE (Username, Email, PasswordU, Nome, Cognome)
VALUES ('ErPupone', 'ilary.mi.ha.lasciato@roma.it', 'Siefragatairolex', 'Francesco', 'Totti');
INSERT INTO UTENTE (Username, Email, PasswordU, Nome, Cognome) 
VALUES ('Leoncino', 'ilkingdellagiungla@gmail.com', 'Staseramisentounleone33', 'Leon', 'Cino');
INSERT INTO UTENTE (Username, Email, PasswordU, Nome, Cognome)
VALUES ('Cruzz_o_portier', 'popopopo@gmail.com', 'fozzanapoli', 'Ciro', 'Esposito');
INSERT INTO UTENTE (Username, Email, PasswordU, Nome, Cognome)
VALUES ('Bocciolo', 'pratofiorito@outlook.com', 'fiordariso11', 'Fiore', 'Dell Orto');
INSERT INTO UTENTE (Username, Email, PasswordU, Nome, Cognome)
VALUES ('Alfreducciopanevino', 'dalcaldo.alfredo@gmail.com', 'microonde69', 'Alfredo', 'Dal Caldo');
INSERT INTO UTENTE (Username, Email, PasswordU, Nome, Cognome)
VALUES ('Morfeo13', 'russo.felice@studenti.unina.it', 'Pisolino41', 'Felice', 'Russo');
INSERT INTO UTENTE (Username, Email, PasswordU, Nome, Cognome)
VALUES ('PenneRigateN11', 'labarillafaschifo@gmail.com', 'Cavatelli11', 'Gustavo', 'La Pasta');
INSERT INTO UTENTE (Username, Email, PasswordU, Nome, Cognome)
VALUES ('Prosteyshiy Sputnik-1', 'massimo.ingegno@studenti.unina.it', 'E=mc^2', 'Massimo', 'Ingegno');
INSERT INTO UTENTE (Username, Email, PasswordU, Nome, Cognome)
VALUES ('Macinino45', 'pepe.rosa@saliera.net', 'Himalaya33', 'Rosa', 'Pepe');
INSERT INTO UTENTE (Username, Email, PasswordU, Nome, Cognome)
VALUES ('IlPapaRegna', 'abbasso.putin@outlook.com', 'peaceandlove22', 'Perla', 'Pace');
INSERT INTO UTENTE (Username, Email, PasswordU, Nome, Cognome)
VALUES ('Ilario', 'Lampa.Dario@studenti.unina.it', 'hocambiatofacolta11', 'Dario', 'Lampa');
INSERT INTO UTENTE (Username, Email, PasswordU, Nome, Cognome)
VALUES ('ImpastoLievitato', 'pizza.margherita@vivanapoli.it', 'Sorbillo<3', 'Margherita', 'Pizza');

-- LIBRERIA --
INSERT INTO LIBRERIA (NumeroTelefonico, Nome, SitoWeb, Indirizzo, Gestore)
VALUES ('0819264947', 'Hoshizora Club' ,'www.hoshizoraclub.it', 'Via Tito Speri 5, 80014, Giugliano in Campania (Na), Napoli, Italia', 'Admin1');
INSERT INTO LIBRERIA (NumeroTelefonico, Nome, Indirizzo, Gestore)
VALUES ('0813044196', 'Libreria Nappo','Corso Sirena 85, 80147, Napoli, Italia', 'Admin2');
INSERT INTO LIBRERIA (NumeroTelefonico, Nome, SitoWeb, Indirizzo, Gestore)
VALUES ('0818595071', 'DigitalWorldCommunity', 'www.digitalworldcommunity.com', 'Via Marchesella 7, 80014, Giugliano in Campania (Na), Napoli, Italia', 'Admin1');
INSERT INTO LIBRERIA (NumeroTelefonico, Nome, Indirizzo, Gestore)
VALUES ('0815522005', 'Libreria Fiorentino', 'Via Trinita Maggiore 35, 80134, Napoli, Italia', 'Giudil');
INSERT INTO LIBRERIA (NumeroTelefonico, Nome, Indirizzo, Gestore)
VALUES ('0811957597', 'Libreria Libridine', 'Via Armando Diaz 71, 80055, Portici (Na), Napoli, Italia', 'Irmluc');
INSERT INTO LIBRERIA (NumeroTelefonico, Nome, SitoWeb, Indirizzo, Gestore)
VALUES ('0814722075', 'Libreria Marsiglia', 'www.libreriamarsiglia.it', 'Via San Martino 99, 80046, San Giorgio A Cremano (Na), Napoli, Italia', 'Rosbru');
INSERT INTO LIBRERIA (NumeroTelefonico, Nome, SitoWeb, Indirizzo, Gestore)
VALUES ('0814542280', 'Libreria Cartoleria Fallacci', 'www.libreriafallacci.wixsite.com/website', 'Piazza Cavour 55/56, 80137, Napoli, Italia', 'Waffer');
INSERT INTO LIBRERIA (NumeroTelefonico, Nome, SitoWeb, Indirizzo, Gestore)
VALUES ('0372462435', 'Mondadori BookStore', 'www.mondadoristore.it/negozi/punti-vendita/Mondadori-Bookstore', 'Piazza Antonio Stradivari 6, 26100, Cremona, Italia', 'Benriz');
INSERT INTO LIBRERIA (NumeroTelefonico, Nome, SitoWeb, Indirizzo, Gestore)
VALUES ('0374344667', 'Mondadori Point', 'www.mondadoristore.it/negozi/punti-vendita/Mondadori-Point-Soresina/1570/', 'Via IV Novembre 19, 26015, Soresina (Cr), Cremona, Italia', 'Benriz');
INSERT INTO LIBRERIA (NumeroTelefonico, Nome, SitoWeb, Indirizzo, Gestore)
VALUES ('0372237480', 'Feltrinelli Libri e Musica', 'www.lafeltrinelli.it', 'Corso Giuseppe Mazzini 20, 26100, Cremona, Italia', 'DonRodrigo');
INSERT INTO LIBRERIA (NumeroTelefonico, Nome, SitoWeb, Indirizzo, Gestore)
VALUES ('0291947777', 'Feltrinelli Libreria', 'www.lafeltrinelli.it', 'Via Camillo Benso Cavour 1, 29121, Piacenza, Italia', 'DonRodrigo');

-- RIVISTA --
INSERT INTO RIVISTA (ISSN, Editore, Argomento, CognomeR, NomeR, Titolo, AnnoPubblicazione)
VALUES ('0036-8083', 'GEDI Gruppo Editoriale', 'Tecnologia', 'Cattaneo', 'Marco', 'Le Scienze', 1968);
INSERT INTO RIVISTA (ISSN, Editore, Argomento, CognomeR, NomeR, Titolo, AnnoPubblicazione)
VALUES ('0027-9358', 'National Geographic Society', 'Natura', 'Cattaneo', 'Marco', 'National Geographic Magazine', 1888);
INSERT INTO RIVISTA (ISSN, Editore, Argomento, CognomeR, NomeR, Titolo, AnnoPubblicazione)
VALUES ('0026-4423', 'GEDI Gruppo Editoriale', 'Psicologia', 'Cattaneo', 'Marco', 'Mind', 2003);
INSERT INTO RIVISTA (ISSN, Editore, Argomento, CognomeR, NomeR, Titolo, AnnoPubblicazione)
VALUES ('2724-2641', 'Gruppo B Editore', 'Scienze', 'Hack', 'Margherita', 'Le Stelle', 2002);
INSERT INTO RIVISTA (ISSN, Editore, Argomento, CognomeR, NomeR, Titolo, AnnoPubblicazione)
VALUES ('2531-3975', 'Felice Addeo, Giuseppe Masullo, Giovanna Truda', 'Scienze Umane', 'Fangone', 'Emiliana', 'Culture e Studi del Sociale', 2015);
INSERT INTO RIVISTA (ISSN, Editore, Argomento, CognomeR, NomeR, Titolo, AnnoPubblicazione)
VALUES ('1357-1915', 'Arnoldo Mondadori Editore', 'Scienze', 'Loredan', 'Jacopo', 'Focus', 1992);
INSERT INTO RIVISTA (ISSN, Editore, Argomento, CognomeR, NomeR, Titolo, AnnoPubblicazione)
VALUES ('0390-5543', 'Mondadori Education S.p.A', 'Matematica', 'Natalini', 'Roberto', 'Archimede', 1902);
INSERT INTO RIVISTA (ISSN, Editore, Argomento, CognomeR, NomeR, Titolo, AnnoPubblicazione)
VALUES ('0036-4681', 'Edizioni Dedalo', 'Scienze', 'Armaroli', 'Nicola', 'Sapere', 1935);

-- ARTICOLO_SCIENTIFICO --
INSERT INTO ARTICOLO_SCIENTIFICO (Titolo, AnnoPubblicazione)
VALUES ('Che cosa significa allineare l’inteliggenza artificiale ai valori umani?', 2022); 
INSERT INTO ARTICOLO_SCIENTIFICO (Titolo, AnnoPubblicazione)
VALUES ('Evaluating Understanding on Conceptual Abstraction Benchmarks', 2022);
INSERT INTO ARTICOLO_SCIENTIFICO (Titolo, AnnoPubblicazione)
VALUES ('Un’intelligenza artificiale è capace di prevedere le nuove sostanze psicoattive', 2022);
INSERT INTO ARTICOLO_SCIENTIFICO (Titolo, AnnoPubblicazione)
VALUES ('A volte ritornano? Viaggio tra i tentativi di riportare in vita "il mondo perduto"', 2019);
INSERT INTO ARTICOLO_SCIENTIFICO (Titolo, AnnoPubblicazione)
VALUES ('Uguale o diverso? Le reti neurali stentano a rispondere', 2021);
INSERT INTO ARTICOLO_SCIENTIFICO (Titolo, AnnoPubblicazione)
VALUES ('Combattere i tumori con l’intelligenza artificiale', 2020);
INSERT INTO ARTICOLO_SCIENTIFICO (Titolo, AnnoPubblicazione)
VALUES ('Computers tell us who to date, who to jail: But should they?', 2018);
INSERT INTO ARTICOLO_SCIENTIFICO (Titolo, AnnoPubblicazione)
VALUES ('How Your Brain May One Day Control Your Computer', 2018);
INSERT INTO ARTICOLO_SCIENTIFICO (Titolo, AnnoPubblicazione)
VALUES ('Computers Decipher Burnt Scroll Found in Ancient Holy Ark', 2016);
INSERT INTO ARTICOLO_SCIENTIFICO (Titolo, AnnoPubblicazione)
VALUES ('For girls in science, the time is now', 2019);
INSERT INTO ARTICOLO_SCIENTIFICO (Titolo, AnnoPubblicazione)
VALUES ('How will this pandemic disrupt science?', 2020);
INSERT INTO ARTICOLO_SCIENTIFICO (Titolo, AnnoPubblicazione)
VALUES ('Bluer blues and blacker blacks? How science is enhancing colors', 2020);
INSERT INTO ARTICOLO_SCIENTIFICO (Titolo, AnnoPubblicazione)
VALUES ('La mente e l’ambiente', 2022);
INSERT INTO ARTICOLO_SCIENTIFICO (Titolo, AnnoPubblicazione)
VALUES ('Psichiatria digitale', 2022);
INSERT INTO ARTICOLO_SCIENTIFICO (Titolo, AnnoPubblicazione)
VALUES ('A mente fredda', 2022);
INSERT INTO ARTICOLO_SCIENTIFICO (Titolo, AnnoPubblicazione)
VALUES ('Lenire il trauma con la scrittura', 2022);
INSERT INTO ARTICOLO_SCIENTIFICO (Titolo, AnnoPubblicazione)
VALUES ('Una nuova psichiatria', 2022);
INSERT INTO ARTICOLO_SCIENTIFICO (Titolo, AnnoPubblicazione)
VALUES ('Le strutture della corona', 2006);
INSERT INTO ARTICOLO_SCIENTIFICO (Titolo, AnnoPubblicazione)
VALUES ('La distanza della Stella di Teegarden', 2006);
INSERT INTO ARTICOLO_SCIENTIFICO (Titolo, AnnoPubblicazione)
VALUES ('SBIG DSS7 astrofisica', 2006);
INSERT INTO ARTICOLO_SCIENTIFICO (Titolo, AnnoPubblicazione)
VALUES ('Megastelle', 2006);
INSERT INTO ARTICOLO_SCIENTIFICO (Titolo, AnnoPubblicazione)
VALUES ('Le prime luci sull’Era Oscura', 2006);
INSERT INTO ARTICOLO_SCIENTIFICO (Titolo, AnnoPubblicazione)
VALUES ('Che fine farà la nuova macchia di Giove?', 2006);
INSERT INTO ARTICOLO_SCIENTIFICO (Titolo, AnnoPubblicazione)
VALUES ('Una camera planetaria eccellente', 2006);
INSERT INTO ARTICOLO_SCIENTIFICO (Titolo, AnnoPubblicazione)
VALUES ('Un quasar in ogni galassia?', 2006);
INSERT INTO ARTICOLO_SCIENTIFICO (Titolo, AnnoPubblicazione)
VALUES ('Nebulosa Granchio: chi la vide nascere', 2006);
INSERT INTO ARTICOLO_SCIENTIFICO (Titolo, AnnoPubblicazione)
VALUES ('Per un welfare sostenibile e innovativo', 2016);
INSERT INTO ARTICOLO_SCIENTIFICO (Titolo, AnnoPubblicazione)
VALUES ('Il futuro della cooperazione sociale nelle ipotesi di welfare', 2016);
INSERT INTO ARTICOLO_SCIENTIFICO (Titolo, AnnoPubblicazione)
VALUES ('Pratica sportiva e lavoro sociale tra stato, mercato e comunità', 2017);
INSERT INTO ARTICOLO_SCIENTIFICO (Titolo, AnnoPubblicazione)
VALUES ('Migrazioni mediterranee: Tra allarmismo e risorsa sociale', 2017);
INSERT INTO ARTICOLO_SCIENTIFICO (Titolo, AnnoPubblicazione)
VALUES ('Per una cittadinanza globale: Percorsi di vita e traiettorie formative dei giovani', 2018);
INSERT INTO ARTICOLO_SCIENTIFICO (Titolo, AnnoPubblicazione)
VALUES ('Il ruolo culturale della comunicazione sociale', 2018);
INSERT INTO ARTICOLO_SCIENTIFICO (Titolo, AnnoPubblicazione)
VALUES ('Le lenti a contatto intelligenti', 2022);
INSERT INTO ARTICOLO_SCIENTIFICO (Titolo, AnnoPubblicazione)
VALUES ('L’ologramma del primo tatuaggio NFT realizzato nel metaverso', 2022);
INSERT INTO ARTICOLO_SCIENTIFICO (Titolo, AnnoPubblicazione)
VALUES ('Internet: quanto lo usiamo?', 2022);
INSERT INTO ARTICOLO_SCIENTIFICO (Titolo, AnnoPubblicazione)
VALUES ('Quali sono le password più sicure?', 2022);
INSERT INTO ARTICOLO_SCIENTIFICO (Titolo, AnnoPubblicazione)
VALUES ('Un esame virtuale per rinnovare la patente?', 2022);
INSERT INTO ARTICOLO_SCIENTIFICO (Titolo, AnnoPubblicazione)
VALUES ('Una tempesta solare può provocare un’apocalisse digitale', 2022);
INSERT INTO ARTICOLO_SCIENTIFICO (Titolo, AnnoPubblicazione)
VALUES ('Il triangolo di Feynman', 2012);
INSERT INTO ARTICOLO_SCIENTIFICO (Titolo, AnnoPubblicazione)
VALUES ('Alamari. Un’applicazione della teoria dei nodi', 2013);
INSERT INTO ARTICOLO_SCIENTIFICO (Titolo, AnnoPubblicazione)
VALUES ('La retta di regressione', 2014);
INSERT INTO ARTICOLO_SCIENTIFICO (Titolo, AnnoPubblicazione)
VALUES ('Seni, coseni e tangenti razionali di angoli razionali', 2015);
INSERT INTO ARTICOLO_SCIENTIFICO (Titolo, AnnoPubblicazione)
VALUES ('Continuità e discontinuità di una funzione: una proposta didattica innovativa', 2016);
INSERT INTO ARTICOLO_SCIENTIFICO (Titolo, AnnoPubblicazione)
VALUES ('La scienza in azione: Research in Action', 2017);
INSERT INTO ARTICOLO_SCIENTIFICO (Titolo, AnnoPubblicazione)
VALUES ('La matematica della crittografia: coppie di numeri primi per l’RSA', 2018);
INSERT INTO ARTICOLO_SCIENTIFICO (Titolo, AnnoPubblicazione)
VALUES ('Raddoppiare un campo', 2019);
INSERT INTO ARTICOLO_SCIENTIFICO (Titolo, AnnoPubblicazione)
VALUES ('Il discorso filosofico della matematica', 2020);
INSERT INTO ARTICOLO_SCIENTIFICO (Titolo, AnnoPubblicazione)
VALUES ('Divisione «per svuotamento»', 2020);
INSERT INTO ARTICOLO_SCIENTIFICO (Titolo, AnnoPubblicazione)
VALUES ('Modelli matematici di decisione per fare bene i conti con l’incertezza', 2021);
INSERT INTO ARTICOLO_SCIENTIFICO (Titolo, AnnoPubblicazione)
VALUES ('Le certezze irraggiungibili della matematica', 2022);
INSERT INTO ARTICOLO_SCIENTIFICO (Titolo, AnnoPubblicazione)
VALUES ('Il personal computer presto sparirà?', 2015);
INSERT INTO ARTICOLO_SCIENTIFICO (Titolo, AnnoPubblicazione)
VALUES ('Materia oscura: nuovi progressi dall’esperimento AMS', 2014);
INSERT INTO ARTICOLO_SCIENTIFICO (Titolo, AnnoPubblicazione)
VALUES ('La meccanica quantistica va in orbita', 2017);
INSERT INTO ARTICOLO_SCIENTIFICO (Titolo, AnnoPubblicazione)
VALUES ('Il lato inquietante e minaccioso della Rete', 2016);
INSERT INTO ARTICOLO_SCIENTIFICO (Titolo, AnnoPubblicazione)
VALUES ('I cookie: cosa sono e come tutelare la nostra privacy', 2021);
INSERT INTO ARTICOLO_SCIENTIFICO (Titolo, AnnoPubblicazione)
VALUES ('La scientifica sulla scena del crimine: la ricerca di tracce biologiche', 2021);
INSERT INTO ARTICOLO_SCIENTIFICO (Titolo, AnnoPubblicazione)
VALUES ('La tecnologia che ci aiuta a combattere i nostri vizi', 2021);
INSERT INTO ARTICOLO_SCIENTIFICO (Titolo, AnnoPubblicazione)
VALUES ('Batterie quantiche superveloci', 2022);

-- AUTORE --
INSERT INTO AUTORE (Nome, Cognome)
VALUES ('Melanie', 'Mitchell');
INSERT INTO AUTORE (Nome, Cognome)
VALUES ('Victor Vikram', 'Odouard');
INSERT INTO AUTORE (Nome, Cognome, Nazionalita)
VALUES ('Massimo', 'Sandal', 'Italiana');
INSERT INTO AUTORE (Nome, Cognome)
VALUES ('John', 'Pavlus');
INSERT INTO AUTORE (Nome, Cognome, Nazionalita)
VALUES ('Esther', 'Landhuis', 'Statunitense');
INSERT INTO AUTORE (Nome, Cognome, Nazionalita, DataNascita)
VALUES ('Simon', 'Worrall', 'Britannica', '1968-06-18');
INSERT INTO AUTORE (Nome, Cognome)
VALUES ('Christina', 'Nunez');
INSERT INTO AUTORE (Nome, Cognome, Nazionalita)
VALUES ('Michael', 'Greshko', 'Statunitense');
INSERT INTO AUTORE (Nome, Cognome, Nazionalita)
VALUES ('Claudia', 'Kalb', 'Cinese');
INSERT INTO AUTORE (Nome, Cognome, Nazionalita, DataNascita)
VALUES ('Victoria', 'Jaggard', 'Statunitense', '1999-07-02');
INSERT INTO AUTORE (Nome, Cognome, Nazionalita)
VALUES ('Sarah', 'Gibbens', 'Statunitense');
INSERT INTO AUTORE (Nome, Cognome, Nazionalita)
VALUES ('Giulia', 'Mondanini', 'Italiana');
INSERT INTO AUTORE (Nome, Cognome, Nazionalita)
VALUES ('Paola Emilia', 'Cicerone', 'Italiana');
INSERT INTO AUTORE (Nome, Cognome, Nazionalita)
VALUES ('Frank', 'Luerweg', 'Tedesca');
INSERT INTO AUTORE (Nome, Cognome, Nazionalita)
VALUES ('Nayla', 'Chidiac', 'Francese');
INSERT INTO AUTORE (Nome, Cognome, Nazionalita)
VALUES ('Mattia', 'Maccarone', 'Italiana');
INSERT INTO AUTORE (Nome, Cognome, Nazionalita, DataNascita)
VALUES ('Maurice', 'Hamilton', 'Canadese', '1923-04-04');
INSERT INTO AUTORE (Nome, Cognome, Nazionalita, DataNascita)
VALUES ('Tom', 'Stafford', 'Statunitense', '1930-09-17');
INSERT INTO AUTORE (Nome, Cognome, Nazionalita, DataNascita)
VALUES ('Flavio', 'Castellani', 'Italiana', '1957-11-23');
INSERT INTO AUTORE (Nome, Cognome, Nazionalita, DataNascita)
VALUES ('Marcello', 'Felli', 'Italiana', '1920-06-25');
INSERT INTO AUTORE (Nome, Cognome, Nazionalita)
VALUES ('Geof', 'Macdonald', 'Canadese');
INSERT INTO AUTORE (Nome, Cognome, Nazionalita)
VALUES ('Volker', 'Bromm', 'Statunitense');
INSERT INTO AUTORE (Nome, Cognome, Nazionalita)
VALUES ('Edwin', 'Aguirre', 'Canadese');
INSERT INTO AUTORE (Nome, Cognome)
VALUES ('Sean', 'Walker');
INSERT INTO AUTORE (Nome, Cognome)
VALUES ('Robert', 'Irion');
INSERT INTO AUTORE (Nome, Cognome, DataNascita)
VALUES ('Francis Richard', 'Stephenson', '1941-04-26');
INSERT INTO AUTORE (Nome, Cognome, Nazionalita)
VALUES ('David', 'Green', 'Britannica');
INSERT INTO AUTORE (Nome, Cognome, Nazionalita, DataNascita)
VALUES ('Emiliana', 'Mangone', 'Italiana', '1970-02-02');
INSERT INTO AUTORE (Nome, Cognome, Nazionalita, DataNascita)
VALUES ('Pierpaolo', 'Donati', 'Italiana', '1946-09-30');
INSERT INTO AUTORE (Nome, Cognome, Nazionalita)
VALUES ('Francesco', 'Pirone', 'Italiana');
INSERT INTO AUTORE (Nome, Cognome, Nazionalita, DataNascita)
VALUES ('Claudio', 'Marra', 'Italiana', '1959-06-24');
INSERT INTO AUTORE (Nome, Cognome, Nazionalita, DataNascita)
VALUES ('Paolo', 'Diana', 'Italiana', '1992-02-02');
INSERT INTO AUTORE (Nome, Cognome, Nazionalita)
VALUES ('Michela', 'Freddano', 'Italiana');
INSERT INTO AUTORE (Nome, Cognome, Nazionalita, DataNascita)
VALUES ('Francesco', 'Pira', 'Italiana', '1965-08-09');
INSERT INTO AUTORE (Nome, Cognome, Nazionalita)
VALUES ('Antonia', 'Cava', 'Italiana');
INSERT INTO AUTORE (Nome, Cognome, Nazionalita)
VALUES ('Rebecca', 'Mantovani', 'Italiana');
INSERT INTO AUTORE (Nome, Cognome, Nazionalita, DataNascita)
VALUES ('Alberto', 'Angela', 'Italiana', '1962-04-08');
INSERT INTO AUTORE (Nome, Cognome, Nazionalita, DataNascita)
VALUES ('Chiara', 'Guzzonato', 'Italiana', '1974-02-23'); 
INSERT INTO AUTORE (Nome, Cognome, Nazionalita, DataNascita)
VALUES ('Giuliano', 'Mazzanti', 'Italiana', '1945-09-15');
INSERT INTO AUTORE (Nome, Cognome, Nazionalita, DataNascita)
VALUES ('Valter', 'Rosselli', 'Italiana', '1981-06-11');
INSERT INTO AUTORE (Nome, Cognome, Nazionalita)
VALUES ('Luigi', 'Tomasi', 'Italiana');
INSERT INTO AUTORE (Nome, Cognome, Nazionalita)
VALUES ('Angela', 'Guido', 'Italiana');
INSERT INTO AUTORE (Nome, Cognome, Nazionalita)
VALUES ('Maurizio', 'Berni', 'Italiana');
INSERT INTO AUTORE (Nome, Cognome, Nazionalita, DataNascita)
VALUES ('Alessandro', 'D’Andrea', 'Italiana', '1972-03-09');
INSERT INTO AUTORE (Nome, Cognome, Nazionalita, DataNascita)
VALUES ('Luigi', 'Squillante', 'Italiana', '1965-09-02');
INSERT INTO AUTORE (Nome, Cognome, Nazionalita, DataNascita)
VALUES ('Sara', 'Rutigliano', 'Italiana', '1997-03-25');
INSERT INTO AUTORE (Nome, Cognome, Nazionalita)
VALUES ('Andrea', 'Minotti', 'Italiana');
INSERT INTO AUTORE (Nome, Cognome, Nazionalita, DataNascita)
VALUES ('Gualtiero', 'Grassucci', 'Italiana', '1961-08-19');
INSERT INTO AUTORE (Nome, Cognome, Nazionalita)
VALUES ('Mario', 'Marobin', 'Italiana');
INSERT INTO AUTORE (Nome, Cognome, Nazionalita, DataNascita)
VALUES ('Fabio', 'Brunelli', 'Brasiliana', '1969-05-11');
INSERT INTO AUTORE (Nome, Cognome, Nazionalita)
VALUES ('Francesco', 'Chesi', 'Italiana');
INSERT INTO AUTORE (Nome, Cognome, Nazionalita)
VALUES ('Biagio', 'Sarnataro', 'Italiana');
INSERT INTO AUTORE (Nome, Cognome, Nazionalita, DataNascita)
VALUES ('Silvia', 'Funghi', 'Italiana', '1988-07-04');
INSERT INTO AUTORE (Nome, Cognome, Nazionalita)
VALUES ('Roberta', 'Munarini', 'Italiana');
INSERT INTO AUTORE (Nome, Cognome, Nazionalita)
VALUES ('Hykel', 'Hosni', 'Italiana');
INSERT INTO AUTORE (Nome, Cognome, Nazionalita, DataNascita)
VALUES ('Silvia', 'De Toffoli', 'Italiana', '1976-06-10');
INSERT INTO AUTORE (Nome, Cognome, Nazionalita)
VALUES ('Paolo', 'Magaudda', 'Italiana');
INSERT INTO AUTORE (Nome, Cognome, Nazionalita)
VALUES ('Paolo', 'Berra', 'Italiana');
INSERT INTO AUTORE (Nome, Cognome, Nazionalita)
VALUES ('Eva', 'Filoramo', 'Italiana');
INSERT INTO AUTORE (Nome, Cognome, Nazionalita)
VALUES ('Filippo', 'Montanari', 'Italiana');
INSERT INTO AUTORE (Nome, Cognome, Nazionalita)
VALUES ('Rosario', 'De Marco', 'Italiana');
INSERT INTO AUTORE (Nome, Cognome)
VALUES ('Gabriel', 'Rotter');
INSERT INTO AUTORE (Nome, Cognome, Nazionalita, DataNascita)
VALUES ('Paolo', 'Gallina', 'Italiana', '1971-09-18');
INSERT INTO AUTORE (Nome, Cognome, Nazionalita)
VALUES ('Tersilla', 'Virgili', 'Italiana');
INSERT INTO AUTORE (Nome, Cognome, Nazionalita, DataNascita)
VALUES ('Joanne Kathleen', 'Rowling', 'Britannica', '1965-07-31');
INSERT INTO AUTORE (Nome, Cognome, Nazionalita, DataNascita)
VALUES ('Steve', 'Kloves', 'Statunitense', '1960-03-18');
INSERT INTO AUTORE (Nome, Cognome, Nazionalita, DataNascita) --67
VALUES ('John R. R.', 'Tolkien', 'Britannica', '1892-01-03');
INSERT INTO AUTORE (Nome, Cognome, Nazionalita)
VALUES ('Libero', 'Iannuzzi', 'Italiana');
INSERT INTO AUTORE (Nome, Cognome, Nazionalita)
VALUES ('Camillo', 'Bortolati', 'Italiana');
INSERT INTO AUTORE (Nome, Cognome, Nazionalita, DataNascita)
VALUES ('Paolo', 'Marcellini', 'Italiana', '1947-06-25');
INSERT INTO AUTORE (Nome, Cognome, Nazionalita, DataNascita)
VALUES ('Carlo', 'Sbordone', 'Italiana', '1948-11-23');
INSERT INTO AUTORE (Nome, Cognome, Nazionalita)
VALUES ('Paul', 'Deitel', 'Tedesca');
INSERT INTO AUTORE (Nome, Cognome, Nazionalita)
VALUES ('Harvey', 'Deitel', 'Tedesca');
INSERT INTO AUTORE (Nome, Cognome, Nazionalita, DataNascita)
VALUES ('Stephen Edwin', 'King', 'Statunitense', '1947-09-21');
INSERT INTO AUTORE (Nome, Cognome, Nazionalita)
VALUES ('Tillie', 'Cole', 'Britannica');
INSERT INTO AUTORE (Nome, Cognome, Nazionalita)
VALUES ('Meghan', 'Quinn', 'Statunitense');
INSERT INTO AUTORE (Nome, Cognome)
VALUES ('Ella', 'Maise');
INSERT INTO AUTORE (Nome, Cognome, Nazionalita)
VALUES ('Devney', 'Perry', 'Statunitense');
INSERT INTO AUTORE (Nome, Cognome, Nazionalita, DataNascita)
VALUES ('George', 'Owell', 'Britannica', '1903-06-25');
INSERT INTO AUTORE (Nome, Cognome, Nazionalita, DataNascita)
VALUES ('Charles', 'Dickens', 'Britannica', '1812-02-07');
INSERT INTO AUTORE (Nome, Cognome, Nazionalita, DataNascita)
VALUES ('Andrzej', 'Sapkowski', 'Polacca', '1948-06-21');
INSERT INTO AUTORE (Nome, Cognome, Nazionalita, DataNascita)
VALUES ('Brenda', 'Novak', 'Statunitense', '1964-05-15');
INSERT INTO AUTORE (Nome, Cognome, Nazionalita, DataNascita)
VALUES ('Scott', 'Nicholson', 'Statunitense', '1962-06-24');

-- SCRITTURA_A --
INSERT INTO SCRITTURA_A (DOI, CodA)
VALUES ('10-00001', 1);
INSERT INTO SCRITTURA_A (DOI, CodA)
VALUES ('10-00002', 1);
INSERT INTO SCRITTURA_A (DOI, CodA)
VALUES ('10-00002', 2);
INSERT INTO SCRITTURA_A (DOI, CodA)
VALUES ('10-00003', 3);
INSERT INTO SCRITTURA_A (DOI, CodA)
VALUES ('10-00005', 4);
INSERT INTO SCRITTURA_A (DOI, CodA)
VALUES ('10-00004', 5);
INSERT INTO SCRITTURA_A (DOI, CodA)
VALUES ('10-00007', 6);
INSERT INTO SCRITTURA_A (DOI, CodA)
VALUES ('10-00008', 7);
INSERT INTO SCRITTURA_A (DOI, CodA)
VALUES ('10-00009', 8);
INSERT INTO SCRITTURA_A (DOI, CodA)
VALUES ('10-00010', 9);
INSERT INTO SCRITTURA_A (DOI, CodA)
VALUES ('10-00011', 10);
INSERT INTO SCRITTURA_A (DOI, CodA)
VALUES ('10-00012', 11);
INSERT INTO SCRITTURA_A (DOI, CodA)
VALUES ('10-00013', 12);
INSERT INTO SCRITTURA_A (DOI, CodA)
VALUES ('10-00014', 13);
INSERT INTO SCRITTURA_A (DOI, CodA)
VALUES ('10-00015', 14);
INSERT INTO SCRITTURA_A (DOI, CodA)
VALUES ('10-00016', 15);
INSERT INTO SCRITTURA_A (DOI, CodA)
VALUES ('10-00017', 16);
INSERT INTO SCRITTURA_A (DOI, CodA)
VALUES ('10-00018', 17);
INSERT INTO SCRITTURA_A (DOI, CodA)
VALUES ('10-00019', 18);
INSERT INTO SCRITTURA_A (DOI, CodA)
VALUES ('10-00020', 19);
INSERT INTO SCRITTURA_A (DOI, CodA)
VALUES ('10-00021', 20);
INSERT INTO SCRITTURA_A (DOI, CodA)
VALUES ('10-00021', 21);
INSERT INTO SCRITTURA_A (DOI, CodA)
VALUES ('10-00022', 22);
INSERT INTO SCRITTURA_A (DOI, CodA)
VALUES ('10-00023', 23);
INSERT INTO SCRITTURA_A (DOI, CodA)
VALUES ('10-00024', 24);
INSERT INTO SCRITTURA_A (DOI, CodA)
VALUES ('10-00025', 25);
INSERT INTO SCRITTURA_A (DOI, CodA)
VALUES ('10-00026', 26);
INSERT INTO SCRITTURA_A (DOI, CodA)
VALUES ('10-00026', 27);
INSERT INTO SCRITTURA_A (DOI, CodA)
VALUES ('10-00027', 28);
INSERT INTO SCRITTURA_A (DOI, CodA)
VALUES ('10-00028', 29);
INSERT INTO SCRITTURA_A (DOI, CodA)
VALUES ('10-00029', 30);
INSERT INTO SCRITTURA_A (DOI, CodA)
VALUES ('10-00030', 31);
INSERT INTO SCRITTURA_A (DOI, CodA)
VALUES ('10-00031', 32);
INSERT INTO SCRITTURA_A (DOI, CodA)
VALUES ('10-00031', 33);
INSERT INTO SCRITTURA_A (DOI, CodA)
VALUES ('10-00032', 34);
INSERT INTO SCRITTURA_A (DOI, CodA)
VALUES ('10-00032', 35);
INSERT INTO SCRITTURA_A (DOI, CodA)
VALUES ('10-00033', 36);
INSERT INTO SCRITTURA_A (DOI, CodA)
VALUES ('10-00034', 37);
INSERT INTO SCRITTURA_A (DOI, CodA)
VALUES ('10-00035', 38);
INSERT INTO SCRITTURA_A (DOI, CodA)
VALUES ('10-00036', 38);
INSERT INTO SCRITTURA_A (DOI, CodA)
VALUES ('10-00006', 36);
INSERT INTO SCRITTURA_A (DOI, CodA)
VALUES ('10-00038', 36);
INSERT INTO SCRITTURA_A (DOI, CodA)
VALUES ('10-00039', 39);
INSERT INTO SCRITTURA_A (DOI, CodA)
VALUES ('10-00039', 40);
INSERT INTO SCRITTURA_A (DOI, CodA)
VALUES ('10-00039', 41);
INSERT INTO SCRITTURA_A (DOI, CodA)
VALUES ('10-00040', 42);
INSERT INTO SCRITTURA_A (DOI, CodA)
VALUES ('10-00041', 43);
INSERT INTO SCRITTURA_A (DOI, CodA)
VALUES ('10-00042', 44);
INSERT INTO SCRITTURA_A (DOI, CodA)
VALUES ('10-00043', 45);
INSERT INTO SCRITTURA_A (DOI, CodA)
VALUES ('10-00043', 46);
INSERT INTO SCRITTURA_A (DOI, CodA)
VALUES ('10-00043', 47);
INSERT INTO SCRITTURA_A (DOI, CodA)
VALUES ('10-00044', 48);
INSERT INTO SCRITTURA_A (DOI, CodA)
VALUES ('10-00045', 49);
INSERT INTO SCRITTURA_A (DOI, CodA)
VALUES ('10-00046', 50);
INSERT INTO SCRITTURA_A (DOI, CodA)
VALUES ('10-00046', 51);
INSERT INTO SCRITTURA_A (DOI, CodA)
VALUES ('10-00047', 52);
INSERT INTO SCRITTURA_A (DOI, CodA)
VALUES ('10-00013', 53);
INSERT INTO SCRITTURA_A (DOI, CodA)
VALUES ('10-00013', 54);
INSERT INTO SCRITTURA_A (DOI, CodA)
VALUES ('10-00049', 55);
INSERT INTO SCRITTURA_A (DOI, CodA)
VALUES ('10-00050', 56);
INSERT INTO SCRITTURA_A (DOI, CodA)
VALUES ('10-00051', 57);
INSERT INTO SCRITTURA_A (DOI, CodA)
VALUES ('10-00052', 58);
INSERT INTO SCRITTURA_A (DOI, CodA)
VALUES ('10-00053', 59);
INSERT INTO SCRITTURA_A (DOI, CodA)
VALUES ('10-00054', 57);
INSERT INTO SCRITTURA_A (DOI, CodA)
VALUES ('10-00055', 60);
INSERT INTO SCRITTURA_A (DOI, CodA)
VALUES ('10-00055', 61);
INSERT INTO SCRITTURA_A (DOI, CodA)
VALUES ('10-00056', 62);
INSERT INTO SCRITTURA_A (DOI, CodA)
VALUES ('10-00057', 63);
INSERT INTO SCRITTURA_A (DOI, CodA)
VALUES ('10-00058', 64);

-- FASCICOLO --
INSERT INTO FASCICOLO (Numero, DataPubblicazione, ISSN)
VALUES (1, '2021-12-28', '0036-8083');
INSERT INTO FASCICOLO (Numero, DataPubblicazione, ISSN)
VALUES (2, '2022-01-28', '0036-8083');
INSERT INTO FASCICOLO (Numero, DataPubblicazione, ISSN)
VALUES (1, '2020-01-01', '0027-9358');
INSERT INTO FASCICOLO (Numero, DataPubblicazione, ISSN)
VALUES (2, '2020-02-01', '0027-9358');
INSERT INTO FASCICOLO (Numero, DataPubblicazione, ISSN)
VALUES (1, '2022-12-05', '0026-4423');
INSERT INTO FASCICOLO (Numero, DataPubblicazione, ISSN)
VALUES (42, '2006-07-29', '2724-2641');
INSERT INTO FASCICOLO (Numero, DataPubblicazione, ISSN)
VALUES (43, '2006-08-27', '2724-2641');
INSERT INTO FASCICOLO (Numero, DataPubblicazione, ISSN)
VALUES (44, '2006-09-28', '2724-2641');
INSERT INTO FASCICOLO (Numero, DataPubblicazione, ISSN)
VALUES (1, '2016-06-27', '2531-3975');
INSERT INTO FASCICOLO (Numero, DataPubblicazione, ISSN)
VALUES (2, '2017-06-22', '2531-3975');
INSERT INTO FASCICOLO (Numero, DataPubblicazione, ISSN)
VALUES (3, '2018-06-28', '2531-3975');
INSERT INTO FASCICOLO (Numero, DataPubblicazione, ISSN)
VALUES (1, '2022-12-10', '1357-1915');
INSERT INTO FASCICOLO (Numero, DataPubblicazione, ISSN)
VALUES (2, '2023-01-11', '1357-1915');
INSERT INTO FASCICOLO (Numero, DataPubblicazione, ISSN)
VALUES (1, '2015-12-15', '0390-5543');
INSERT INTO FASCICOLO (Numero, DataPubblicazione, ISSN)
VALUES (2, '2018-12-16', '0390-5543');
INSERT INTO FASCICOLO (Numero, DataPubblicazione, ISSN)
VALUES (3, '2020-12-17', '0390-5543');
INSERT INTO FASCICOLO (Numero, DataPubblicazione, ISSN)
VALUES (4, '2022-12-21', '0390-5543');
INSERT INTO FASCICOLO (Numero, DataPubblicazione, ISSN)
VALUES (1, '2018-12-27', '0036-4681');
INSERT INTO FASCICOLO (Numero, DataPubblicazione, ISSN)
VALUES (2, '2022-12-10', '0036-4681');

-- INTRODUZIONE --
INSERT INTO INTRODUZIONE (CodF, DOI)
VALUES (1, '10-00005');
INSERT INTO INTRODUZIONE (CodF, DOI)
VALUES (1, '10-00004');
INSERT INTO INTRODUZIONE (CodF, DOI)
VALUES (2, '10-00001');
INSERT INTO INTRODUZIONE (CodF, DOI)
VALUES (2, '10-00002');
INSERT INTO INTRODUZIONE (CodF, DOI)
VALUES (2, '10-00003');
INSERT INTO INTRODUZIONE (CodF, DOI)
VALUES (3, '10-00007');
INSERT INTO INTRODUZIONE (CodF, DOI)
VALUES (3, '10-00008');
INSERT INTO INTRODUZIONE (CodF, DOI)
VALUES (3, '10-00009');
INSERT INTO INTRODUZIONE (CodF, DOI)
VALUES (4, '10-00010');
INSERT INTO INTRODUZIONE (CodF, DOI)
VALUES (4, '10-00011');
INSERT INTO INTRODUZIONE (CodF, DOI)
VALUES (4, '10-00012');
INSERT INTO INTRODUZIONE (CodF, DOI)
VALUES (5, '10-00013');
INSERT INTO INTRODUZIONE (CodF, DOI)
VALUES (5, '10-00014');
INSERT INTO INTRODUZIONE (CodF, DOI)
VALUES (5, '10-00015');
INSERT INTO INTRODUZIONE (CodF, DOI)
VALUES (5, '10-00016');
INSERT INTO INTRODUZIONE (CodF, DOI)
VALUES (5, '10-00017');
INSERT INTO INTRODUZIONE (CodF, DOI)
VALUES (6, '10-00018');
INSERT INTO INTRODUZIONE (CodF, DOI)
VALUES (6, '10-00019');
INSERT INTO INTRODUZIONE (CodF, DOI)
VALUES (6, '10-00020');
INSERT INTO INTRODUZIONE (CodF, DOI)
VALUES (6, '10-00021');
INSERT INTO INTRODUZIONE (CodF, DOI)
VALUES (7, '10-00022');
INSERT INTO INTRODUZIONE (CodF, DOI)
VALUES (7, '10-00023');
INSERT INTO INTRODUZIONE (CodF, DOI)
VALUES (7, '10-00024');
INSERT INTO INTRODUZIONE (CodF, DOI)
VALUES (8, '10-00025');
INSERT INTO INTRODUZIONE (CodF, DOI)
VALUES (8, '10-00026');
INSERT INTO INTRODUZIONE (CodF, DOI)
VALUES (9, '10-00027');
INSERT INTO INTRODUZIONE (CodF, DOI)
VALUES (9, '10-00028');
INSERT INTO INTRODUZIONE (CodF, DOI)
VALUES (10, '10-00029');
INSERT INTO INTRODUZIONE (CodF, DOI)
VALUES (10, '10-00030');
INSERT INTO INTRODUZIONE (CodF, DOI)
VALUES (11, '10-00031');
INSERT INTO INTRODUZIONE (CodF, DOI)
VALUES (11, '10-00032');
INSERT INTO INTRODUZIONE (CodF, DOI)
VALUES (12, '10-00033');
INSERT INTO INTRODUZIONE (CodF, DOI)
VALUES (12, '10-00034');
INSERT INTO INTRODUZIONE (CodF, DOI)
VALUES (12, '10-00035');
INSERT INTO INTRODUZIONE (CodF, DOI)
VALUES (13, '10-00036');
INSERT INTO INTRODUZIONE (CodF, DOI)
VALUES (13, '10-00006');
INSERT INTO INTRODUZIONE (CodF, DOI)
VALUES (13, '10-00038');
INSERT INTO INTRODUZIONE (CodF, DOI)
VALUES (14, '10-00039');
INSERT INTO INTRODUZIONE (CodF, DOI)
VALUES (14, '10-00040');
INSERT INTO INTRODUZIONE (CodF, DOI)
VALUES (14, '10-00041');
INSERT INTO INTRODUZIONE (CodF, DOI)
VALUES (15, '10-00042');
INSERT INTO INTRODUZIONE (CodF, DOI)
VALUES (15, '10-00043');
INSERT INTO INTRODUZIONE (CodF, DOI)
VALUES (15, '10-00044');
INSERT INTO INTRODUZIONE (CodF, DOI)
VALUES (16, '10-00045');
INSERT INTO INTRODUZIONE (CodF, DOI)
VALUES (16, '10-00046');
INSERT INTO INTRODUZIONE (CodF, DOI)
VALUES (16, '10-00047');
INSERT INTO INTRODUZIONE (CodF, DOI)
VALUES (17, '10-00013');
INSERT INTO INTRODUZIONE (CodF, DOI)
VALUES (17, '10-00049');
INSERT INTO INTRODUZIONE (CodF, DOI)
VALUES (17, '10-00050');
INSERT INTO INTRODUZIONE (CodF, DOI)
VALUES (18, '10-00051');
INSERT INTO INTRODUZIONE (CodF, DOI)
VALUES (18, '10-00052');
INSERT INTO INTRODUZIONE (CodF, DOI)
VALUES (18, '10-00053');
INSERT INTO INTRODUZIONE (CodF, DOI)
VALUES (18, '10-00054');
INSERT INTO INTRODUZIONE (CodF, DOI)
VALUES (19, '10-00055');
INSERT INTO INTRODUZIONE (CodF, DOI)
VALUES (19, '10-00056');
INSERT INTO INTRODUZIONE (CodF, DOI)
VALUES (19, '10-00057');
INSERT INTO INTRODUZIONE (CodF, DOI)
VALUES (19, '10-00058');

-- CONFERENZA --
INSERT INTO CONFERENZA (Luogo, StrutturaOrganizzatrice, DataInizio, DataFine)
VALUES ('Piazza Roma 22, 60121, Ancona, Italia', 'Università Politecnica Delle Marche', '2021-10-12', '2021-10-16');
INSERT INTO CONFERENZA (Luogo, StrutturaOrganizzatrice, DataInizio, DataFine)
VALUES ('Via Amendola 126, 70126, Bari, Italia', 'Bari Politecnico', '2006-04-01', '2006-04-14');
INSERT INTO CONFERENZA (Luogo, StrutturaOrganizzatrice, DataInizio, DataFine)
VALUES ('Piazza Guerrazzi 1, 82100, Benevento, Italia', 'Università Del Sannio', '2006-06-21', '2006-06-30');
INSERT INTO CONFERENZA (Luogo, StrutturaOrganizzatrice, DataInizio, DataFine)
VALUES ('Via De Sanctis 13, 86100, Campobasso, Italia', 'Università Del Molise', '2018-10-07', '2018-10-14');
INSERT INTO CONFERENZA (Luogo, StrutturaOrganizzatrice, DataInizio, DataFine)
VALUES ('Viale Dell’Università 7, 03043, Cassino (Fr), Frosinone, Italia', 'Università Degli Studi Di Cassino E Del Lazio Meridionale', '2018-11-07', '2018-11-14');
INSERT INTO CONFERENZA (Luogo, StrutturaOrganizzatrice, DataInizio, DataFine)
VALUES ('Corso Matteotti 22, 21053, Castellanza (Va), Varese, Italia', 'Università Carlo Cattaneo LIUC', '2018-10-15', '2018-10-28');
INSERT INTO CONFERENZA (Luogo, StrutturaOrganizzatrice, DataInizio, DataFine)
VALUES ('Viale Europa 7, 88100, Catanzaro, Italia', 'Università Magna Grecia', '2018-11-15', '2018-11-28');
INSERT INTO CONFERENZA (Luogo, StrutturaOrganizzatrice, DataInizio, DataFine)
VALUES ('Corso Umberto I 40, 80138, Napoli, Italia', 'Università Degli Studi Federico II', '2020-04-10', '2020-04-16');
INSERT INTO CONFERENZA (Luogo, StrutturaOrganizzatrice, DataInizio, DataFine)
VALUES ('Via Ammiraglio Acton 38, 80133, Napoli, Italia', 'Università Parthenope', '2022-06-01', '2022-06-14');
INSERT INTO CONFERENZA (Luogo, StrutturaOrganizzatrice, DataInizio, DataFine)
VALUES ('Piazza Della Vittoria 15, 27100, Pavia, Italia', 'IUSS - Istituto Universitario Di Studi Superiori', '2019-12-05', '2019-12-10');

-- ESPOSIZIONE --
INSERT INTO ESPOSIZIONE (DOI, CodC)
VALUES ('10-00005', 1);
INSERT INTO ESPOSIZIONE (DOI, CodC)
VALUES ('10-00006', 1);
INSERT INTO ESPOSIZIONE (DOI, CodC)
VALUES ('10-00018', 13);
INSERT INTO ESPOSIZIONE (DOI, CodC)
VALUES ('10-00019', 13);
INSERT INTO ESPOSIZIONE (DOI, CodC)
VALUES ('10-00020', 13);
INSERT INTO ESPOSIZIONE (DOI, CodC)
VALUES ('10-00021', 13);
INSERT INTO ESPOSIZIONE (DOI, CodC)
VALUES ('10-00022', 13);
INSERT INTO ESPOSIZIONE (DOI, CodC)
VALUES ('10-00023', 3);
INSERT INTO ESPOSIZIONE (DOI, CodC)
VALUES ('10-00024', 3);
INSERT INTO ESPOSIZIONE (DOI, CodC)
VALUES ('10-00025', 3);
INSERT INTO ESPOSIZIONE (DOI, CodC)
VALUES ('10-00026', 3);
INSERT INTO ESPOSIZIONE (DOI, CodC)
VALUES ('10-00042', 4);
INSERT INTO ESPOSIZIONE (DOI, CodC)
VALUES ('10-00043', 4);
INSERT INTO ESPOSIZIONE (DOI, CodC)
VALUES ('10-00051', 4);
INSERT INTO ESPOSIZIONE (DOI, CodC)
VALUES ('10-00044', 14);
INSERT INTO ESPOSIZIONE (DOI, CodC)
VALUES ('10-00052', 14);
INSERT INTO ESPOSIZIONE (DOI, CodC)
VALUES ('10-00053', 14);
INSERT INTO ESPOSIZIONE (DOI, CodC)
VALUES ('10-00054', 14);
INSERT INTO ESPOSIZIONE (DOI, CodC)
VALUES ('10-00042', 15);
INSERT INTO ESPOSIZIONE (DOI, CodC)
VALUES ('10-00043', 15);
INSERT INTO ESPOSIZIONE (DOI, CodC)
VALUES ('10-00051', 15);
INSERT INTO ESPOSIZIONE (DOI, CodC)
VALUES ('10-00044', 7);
INSERT INTO ESPOSIZIONE (DOI, CodC)
VALUES ('10-00052', 7);
INSERT INTO ESPOSIZIONE (DOI, CodC)
VALUES ('10-00053', 7);
INSERT INTO ESPOSIZIONE (DOI, CodC)
VALUES ('10-00054', 7);
INSERT INTO ESPOSIZIONE (DOI, CodC)
VALUES ('10-00047', 8);
INSERT INTO ESPOSIZIONE (DOI, CodC)
VALUES ('10-00013', 8);
INSERT INTO ESPOSIZIONE (DOI, CodC)
VALUES ('10-00013', 9);
INSERT INTO ESPOSIZIONE (DOI, CodC)
VALUES ('10-00049', 9);
INSERT INTO ESPOSIZIONE (DOI, CodC)
VALUES ('10-00050', 9);
INSERT INTO ESPOSIZIONE (DOI, CodC)
VALUES ('10-00007', 10);
INSERT INTO ESPOSIZIONE (DOI, CodC)
VALUES ('10-00008', 10);
INSERT INTO ESPOSIZIONE (DOI, CodC)
VALUES ('10-00010', 10);

-- LIBRO --
INSERT INTO LIBRO (ISBN, Titolo, Genere, Lingua, Editore, DataPubblicazione)
VALUES ('978-88-3100-338-4', 'Harry Potter e la pietra filosofale', 'Fantasy', 'Italiano', 'Salani', '2020-01-23');
INSERT INTO LIBRO (ISBN, Titolo, Genere, Lingua, Editore, DataPubblicazione)
VALUES ('978-88-3100-339-1', 'Harry Potter e la camera dei segreti', 'Fantasy', 'Italiano', 'Salani', '2020-01-23');
INSERT INTO LIBRO (ISBN, Titolo, Genere, Lingua, Editore, DataPubblicazione)
VALUES ('978-88-3100-340-7', 'Harry Potter e il prigioniero di Azkaban', 'Fantasy', 'Italiano', 'Salani', '2020-01-23');
INSERT INTO LIBRO (ISBN, Titolo, Genere, Lingua, Editore, DataPubblicazione)
VALUES ('978-88-3100-341-4', 'Harry Potter e il calice di fuoco', 'Fantasy', 'Italiano', 'Salani', '2020-01-23');
INSERT INTO LIBRO (ISBN, Titolo, Genere, Lingua, Editore, DataPubblicazione)
VALUES ('978-88-3100-342-1', 'Harry Potter e l’ordine della fenice', 'Fantasy', 'Italiano', 'Salani', '2020-01-23');
INSERT INTO LIBRO (ISBN, Titolo, Genere, Lingua, Editore, DataPubblicazione)
VALUES ('978-88-3100-343-8', 'Harry Potter e il principe mezzosangue', 'Fantasy', 'Italiano', 'Salani', '2020-01-23');
INSERT INTO LIBRO (ISBN, Titolo, Genere, Lingua, Editore, DataPubblicazione)
VALUES ('978-88-3100-344-5', 'Harry Potter e i doni della morte', 'Fantasy', 'Italiano', 'Salani', '2020-01-23');
INSERT INTO LIBRO (ISBN, Titolo, Genere, Lingua, Editore, DataPubblicazione)
VALUES ('978-88-3100-670-5', 'L’Ickabog', 'Fantasy', 'Italiano', 'Salani', '2020-11-10');
INSERT INTO LIBRO (ISBN, Titolo, Genere, Lingua, Editore, DataPubblicazione)
VALUES ('978-88-9381-618-2', 'Animali fantastici e dove trovarli', 'Fantasy', 'Italiano', 'Salani', '2017-01-16');
INSERT INTO LIBRO (ISBN, Titolo, Genere, Lingua, Editore, DataPubblicazione)
VALUES ('978-88-9381-711-0', 'Animali fantastici - I crimini di Grindelwald', 'Fantasy', 'Italiano', 'Salani', '2018-12-03');
INSERT INTO LIBRO (ISBN, Titolo, Genere, Lingua, Editore, DataPubblicazione)
VALUES ('978-88-3101-288-1', 'Animali fantastici - I Segreti di Silente', 'Fantasy', 'Italiano', 'Salani', '2022-07-19');
INSERT INTO LIBRO (ISBN, Titolo, Genere, Lingua, Editore, DataPubblicazione)
VALUES ('978-88-4526-834-2', 'Lo Hobbit', 'Fantasy', 'Italiano', 'Bonpiani', '2012-06-20');
INSERT INTO LIBRO (ISBN, Titolo, Genere, Lingua, Editore, DataPubblicazione)
VALUES ('978-88-301-0526-3', 'Il Signore Degli Anelli: La compagnia dell’anello', 'Fantasy', 'Italiano', 'Bonpiani', '2021-09-01');
INSERT INTO LIBRO (ISBN, Titolo, Genere, Lingua, Editore, DataPubblicazione)
VALUES ('978-88-301-0527-0', 'Il Signore Degli Anelli: Le due torri', 'Fantasy', 'Italiano', 'Bonpiani', '2021-09-01');
INSERT INTO LIBRO (ISBN, Titolo, Genere, Lingua, Editore, DataPubblicazione)
VALUES ('978-88-301-0528-6', 'Il Signore Degli Anelli: Il ritorno del re', 'Fantasy', 'Italiano', 'Bonpiani', '2021-09-01');
INSERT INTO LIBRO (ISBN, Titolo, Genere, Lingua, Editore, DataPubblicazione)
VALUES ('978-88-452-7240-0', 'Il Silmarillion', 'Fantasy', 'Italiano', 'Bonpiani', '2013-01-23');
INSERT INTO LIBRO (ISBN, Titolo, Genere, Lingua, Editore, DataPubblicazione)
VALUES ('978-85-1878-937-1', 'Le quattro stagioni', 'Didattico', 'Italiano', 'Independently published', '2021-06-15');
INSERT INTO LIBRO (ISBN, Titolo, Genere, Lingua, Editore, DataPubblicazione)
VALUES ('978-88-6137-869-8', 'Matematica al volo in quarta', 'Didattico', 'Italiano', 'Erickson', '2011-09-01');
INSERT INTO LIBRO (ISBN, Titolo, Genere, Lingua, Editore, DataPubblicazione)
VALUES ('978-88-5902-669-3', 'Leggere al volo', 'Didattico', 'Italiano', 'Erickson', '2020-05-13');
INSERT INTO LIBRO (ISBN, Titolo, Genere, Lingua, Editore, DataPubblicazione)
VALUES ('978-88-207-3383-4', 'Elementi di analisi matematica uno', 'Didattico', 'Italiano', 'Liguori', '2016-02-01');
INSERT INTO LIBRO (ISBN, Titolo, Genere, Lingua, Editore, DataPubblicazione)
VALUES ('978-88-9190-165-1', 'Il linguaggio C', 'Didattico','Italiano', 'Pearson', '2016-09-01');
INSERT INTO LIBRO (ISBN, Titolo, Genere, Lingua, Editore, DataPubblicazione)
VALUES ('978-88-4529-530-0', 'Shining', 'Horror', 'Italiano', 'Bonpiani', '2017-09-20');
INSERT INTO LIBRO (ISBN, Titolo, Genere, Lingua, Editore, DataPubblicazione)
VALUES ('978-88-2009-266-5', 'Doctor Sleep', 'Horror', 'Italiano', 'Sperling & Kupfer', '2013-09-24');
INSERT INTO LIBRO (ISBN, Titolo, Genere, Lingua, Editore, DataPubblicazione)
VALUES ('978-88-6836-562-2', 'IT', 'Horror', 'Italiano', 'Sperling & Kupfer', '2019-07-23');
INSERT INTO LIBRO (ISBN, Titolo, Genere, Lingua, Editore, DataPubblicazione)
VALUES ('978-88-8560-312-7', 'Dammi Mille Baci', 'Rosa', 'Italiano', 'Always Publishing', '2018-06-21');
INSERT INTO LIBRO (ISBN, Titolo, Genere, Lingua, Editore, DataPubblicazione)
VALUES ('978-12-8007-876-6', 'Non proprio un colpo di fulmine', 'Rosa', 'Italiano', 'Always Publishing', '2022-11-25');
INSERT INTO LIBRO (ISBN, Titolo, Genere, Lingua, Editore, DataPubblicazione)
VALUES ('978-12-8007-834-6', 'L’amico del cuore', 'Rosa', 'Italiano', 'Always Publishing', '2022-03-17');
INSERT INTO LIBRO (ISBN, Titolo, Genere, Lingua, Editore, DataPubblicazione)
VALUES ('978-88-8560-324-0', 'La fattoria dei nuovi inizi', 'Rosa', 'Italiano', 'Always Publishing', '2019-01-31');
INSERT INTO LIBRO (ISBN, Titolo, Genere, Lingua, Editore, DataPubblicazione)
VALUES ('978-88-6311-435-5', 'La fattoria degli animali', 'Classico', 'Italiano', 'Liberamente', '2020-01-01');
INSERT INTO LIBRO (ISBN, Titolo, Genere, Lingua, Editore, DataPubblicazione)
VALUES ('978-88-9543-776-7', 'Christmas Carol', 'Classico', 'Italiano', 'Caravaggio Editore', '2018-10-15');
INSERT INTO LIBRO (ISBN, Titolo, Genere, Lingua, Editore, DataPubblicazione)
VALUES ('978-88-4293-241-3', 'Il guardiano degli innocenti', 'Fantasy', 'Italiano', 'Nord', '2019-10-24');
INSERT INTO LIBRO (ISBN, Titolo, Genere, Lingua, Editore, DataPubblicazione)
VALUES ('978-88-4293-242-0', 'La spada del destino', 'Fantasy', 'Italiano', 'Nord', '2019-10-24');
INSERT INTO LIBRO (ISBN, Titolo, Genere, Lingua, Editore, DataPubblicazione)
VALUES ('978-88-4293-243-7', 'Il sangue degli elfi', 'Fantasy', 'Italiano', 'Nord', '2019-10-24');
INSERT INTO LIBRO (ISBN, Titolo, Genere, Lingua, Editore, DataPubblicazione)
VALUES ('978-88-4293-275-8', 'Il tempo della guerra', 'Fantasy', 'Italiano', 'Nord', '2020-03-05');
INSERT INTO LIBRO (ISBN, Titolo, Genere, Lingua, Editore, DataPubblicazione)
VALUES ('978-88-4292-359-6', 'Il battesimo del fuoco', 'Fantasy', 'Italiano', 'Nord', '2020-03-05');
INSERT INTO LIBRO (ISBN, Titolo, Genere, Lingua, Editore, DataPubblicazione)
VALUES ('978-88-4293-277-2', 'La torre della rondine', 'Fantasy', 'Italiano', 'Nord', '2020-05-28');
INSERT INTO LIBRO (ISBN, Titolo, Genere, Lingua, Editore, DataPubblicazione)
VALUES ('978-88-4293-278-9', 'La signora del lago', 'Fantasy', 'Italiano', 'Nord', '2020-05-28');
INSERT INTO LIBRO (ISBN, Titolo, Genere, Lingua, Editore, DataPubblicazione)
VALUES ('978-88-4293-279-6', 'La stagione delle tempeste', 'Fantasy', 'Italiano', 'Nord', '2020-05-28');
INSERT INTO LIBRO (ISBN, Titolo, Genere, Lingua, Editore, DataPubblicazione)
VALUES ('978-88-4293-481-3', 'La strada senza ritorno', 'Fantasy', 'Italiano', 'Nord', '2020-05-28');
INSERT INTO LIBRO (ISBN, Titolo, Genere, Lingua, Editore, DataPubblicazione)
VALUES ('978-88-0983-331-9', 'Alaska', 'Thriller', 'Italiano', 'Giunti Editore', '2016-11-09');
INSERT INTO LIBRO (ISBN, Titolo, Genere, Lingua, Editore, DataPubblicazione)
VALUES ('978-88-0987-707-8', 'Hanover House', 'Thriller', 'Italiano', 'Giunti Editore', '2018-10-10');
INSERT INTO LIBRO (ISBN, Titolo, Genere, Lingua, Editore, DataPubblicazione)
VALUES ('978-88-0989-463-1', 'Alaska. La resa dei conti', 'Thriller', 'Italiano', 'Giunti Editore', '2019-10-16');
INSERT INTO LIBRO (ISBN, Titolo, Genere, Lingua, Editore, DataPubblicazione)
VALUES ('978-88-0989-782-3', 'Alaska. Il ritorno', 'Thriller', 'Italiano', 'Giunti Editore', '2020-10-14');
INSERT INTO LIBRO (ISBN, Titolo, Genere, Lingua, Editore, DataPubblicazione)
VALUES ('978-16-2647-952-4', 'Dopo: Lo shock', 'Thriller', 'Italiano', 'Haunted Computer Productions', '2016-06-20');
INSERT INTO LIBRO (ISBN, Titolo, Genere, Lingua, Editore, DataPubblicazione)
VALUES ('978-16-2647-977-7', 'L’eco', 'Thriller', 'Italiano', 'Haunted Computer Productions', '2017-03-16');
INSERT INTO LIBRO (ISBN, Titolo, Genere, Lingua, Editore, DataPubblicazione)
VALUES ('978-16-2647-954-8', 'Dopo: Il cartello 291', 'Thriller', 'Italiano', 'Haunted Computer Productions', '2016-06-20');


-- SCRITTURA_L --
INSERT INTO SCRITTURA_L (ISBN, CodA)
VALUES ('978-88-3100-338-4', 65);
INSERT INTO SCRITTURA_L (ISBN, CodA)
VALUES ('978-88-3100-339-1', 65);
INSERT INTO SCRITTURA_L (ISBN, CodA)
VALUES ('978-88-3100-340-7', 65);
INSERT INTO SCRITTURA_L (ISBN, CodA)
VALUES ('978-88-3100-341-4', 65);
INSERT INTO SCRITTURA_L (ISBN, CodA)
VALUES ('978-88-3100-342-1', 65);
INSERT INTO SCRITTURA_L (ISBN, CodA)
VALUES ('978-88-3100-343-8', 65);
INSERT INTO SCRITTURA_L (ISBN, CodA)
VALUES ('978-88-3100-344-5', 65);
INSERT INTO SCRITTURA_L (ISBN, CodA)
VALUES ('978-88-3100-670-5', 65);
INSERT INTO SCRITTURA_L (ISBN, CodA)
VALUES ('978-88-9381-618-2', 65);
INSERT INTO SCRITTURA_L (ISBN, CodA)
VALUES ('978-88-9381-711-0', 65);
INSERT INTO SCRITTURA_L (ISBN, CodA)
VALUES ('978-88-3101-288-1', 65);
INSERT INTO SCRITTURA_L (ISBN, CodA)
VALUES ('978-88-3101-288-1', 66);
INSERT INTO SCRITTURA_L (ISBN, CodA)
VALUES ('978-88-4526-834-2', 67);
INSERT INTO SCRITTURA_L (ISBN, CodA)
VALUES ('978-88-301-0526-3', 67);
INSERT INTO SCRITTURA_L (ISBN, CodA)
VALUES ('978-88-301-0527-0', 67);
INSERT INTO SCRITTURA_L (ISBN, CodA)
VALUES ('978-88-301-0528-6', 67);
INSERT INTO SCRITTURA_L (ISBN, CodA)
VALUES ('978-88-452-7240-0', 67);
INSERT INTO SCRITTURA_L (ISBN, CodA)
VALUES ('978-85-1878-937-1', 68);
INSERT INTO SCRITTURA_L (ISBN, CodA)
VALUES ('978-88-6137-869-8', 69);
INSERT INTO SCRITTURA_L (ISBN, CodA)
VALUES ('978-88-5902-669-3', 69);
INSERT INTO SCRITTURA_L (ISBN, CodA)
VALUES ('978-88-207-3383-4', 70);
INSERT INTO SCRITTURA_L (ISBN, CodA)
VALUES ('978-88-207-3383-4', 71);
INSERT INTO SCRITTURA_L (ISBN, CodA)
VALUES ('978-88-9190-165-1', 72);
INSERT INTO SCRITTURA_L (ISBN, CodA)
VALUES ('978-88-9190-165-1', 73);
INSERT INTO SCRITTURA_L (ISBN, CodA)
VALUES ('978-88-4529-530-0', 74);
INSERT INTO SCRITTURA_L (ISBN, CodA)
VALUES ('978-88-2009-266-5', 74);
INSERT INTO SCRITTURA_L (ISBN, CodA)
VALUES ('978-88-6836-562-2', 74);
INSERT INTO SCRITTURA_L (ISBN, CodA)
VALUES ('978-88-8560-312-7', 75);
INSERT INTO SCRITTURA_L (ISBN, CodA)
VALUES ('978-12-8007-876-6', 76);
INSERT INTO SCRITTURA_L (ISBN, CodA)
VALUES ('978-12-8007-834-6', 77);
INSERT INTO SCRITTURA_L (ISBN, CodA)
VALUES ('978-88-8560-324-0', 78);
INSERT INTO SCRITTURA_L (ISBN, CodA)
VALUES ('978-88-6311-435-5', 79);
INSERT INTO SCRITTURA_L (ISBN, CodA)
VALUES ('978-88-9543-776-7', 80);
INSERT INTO SCRITTURA_L (ISBN, CodA)
VALUES ('978-88-4293-241-3', 81);
INSERT INTO SCRITTURA_L (ISBN, CodA)
VALUES ('978-88-4293-242-0', 81);
INSERT INTO SCRITTURA_L (ISBN, CodA)
VALUES ('978-88-4293-243-7', 81);
INSERT INTO SCRITTURA_L (ISBN, CodA)
VALUES ('978-88-4293-275-8', 81);
INSERT INTO SCRITTURA_L (ISBN, CodA)
VALUES ('978-88-4292-359-6', 81);
INSERT INTO SCRITTURA_L (ISBN, CodA)
VALUES ('978-88-4293-277-2', 81);
INSERT INTO SCRITTURA_L (ISBN, CodA)
VALUES ('978-88-4293-278-9', 81);
INSERT INTO SCRITTURA_L (ISBN, CodA)
VALUES ('978-88-4293-279-6', 81);
INSERT INTO SCRITTURA_L (ISBN, CodA)
VALUES ('978-88-4293-481-3', 81);
INSERT INTO SCRITTURA_L (ISBN, CodA)
VALUES ('978-88-0983-331-9', 82);
INSERT INTO SCRITTURA_L (ISBN, CodA)
VALUES ('978-88-0987-707-8', 82);
INSERT INTO SCRITTURA_L (ISBN, CodA)
VALUES ('978-88-0989-463-1', 82);
INSERT INTO SCRITTURA_L (ISBN, CodA)
VALUES ('978-88-0989-782-3', 82);
INSERT INTO SCRITTURA_L (ISBN, CodA)
VALUES ('978-16-2647-952-4', 83);
INSERT INTO SCRITTURA_L (ISBN, CodA)
VALUES ('978-16-2647-977-7', 83);
INSERT INTO SCRITTURA_L (ISBN, CodA)
VALUES ('978-16-2647-954-8', 83);

-- SERIE --
INSERT INTO SERIE (Titolo, ISBN, DataPubblicazione, NLibri)
VALUES ('Harry Potter. La serie completa. Ediz. Castello di Hogwarts', '978-88-3101-382-6', '2022-07-05', 7);
INSERT INTO SERIE (Titolo, ISBN, DataPubblicazione, NLibri)
VALUES ('La biblioteca di Hogwarts: Gli animali fantastici', '978-88-3100-010-9', '2019-05-16', 3);
INSERT INTO SERIE (Titolo, ISBN, DataPubblicazione, NLibri)
VALUES ('Il Signore Degli Anelli - Box Set', '978-00-0758-114-6', '2014-06-19', 3);
INSERT INTO SERIE (Titolo, ISBN, DataPubblicazione, NLibri)
VALUES ('The Witcher. La serie completa', '978-88-4293-500-1', '2022-10-25', 8);
INSERT INTO SERIE (Titolo, ISBN, DataPubblicazione, NLibri)
VALUES ('Alaska. La serie', '978-88-0996-124-1', '2021-09-15', 4);
INSERT INTO SERIE (Titolo, ISBN, DataPubblicazione, NLibri)
VALUES ('Dopo Box', '978-16-2647-092-7', '2017-12-28', 3);

-- INSERIMENTO --
INSERT INTO INSERIMENTO (Libro, Serie)
VALUES ('978-88-3100-338-4', '978-88-3101-382-6');
INSERT INTO INSERIMENTO (Libro, Serie)
VALUES ('978-88-3100-339-1', '978-88-3101-382-6');
INSERT INTO INSERIMENTO (Libro, Serie)
VALUES ('978-88-3100-340-7', '978-88-3101-382-6');
INSERT INTO INSERIMENTO (Libro, Serie)
VALUES ('978-88-3100-341-4', '978-88-3101-382-6');
INSERT INTO INSERIMENTO (Libro, Serie)
VALUES ('978-88-3100-342-1', '978-88-3101-382-6');
INSERT INTO INSERIMENTO (Libro, Serie)
VALUES ('978-88-3100-343-8', '978-88-3101-382-6');
INSERT INTO INSERIMENTO (Libro, Serie)
VALUES ('978-88-3100-344-5', '978-88-3101-382-6'); 
INSERT INTO INSERIMENTO (Libro, Serie)
VALUES ('978-88-9381-618-2', '978-88-3100-010-9');
INSERT INTO INSERIMENTO (Libro, Serie)
VALUES ('978-88-9381-711-0', '978-88-3100-010-9');
INSERT INTO INSERIMENTO (Libro, Serie)
VALUES ('978-88-3101-288-1', '978-88-3100-010-9');
INSERT INTO INSERIMENTO (Libro, Serie)
VALUES ('978-88-301-0526-3', '978-00-0758-114-6');
INSERT INTO INSERIMENTO (Libro, Serie)
VALUES ('978-88-301-0527-0', '978-00-0758-114-6');
INSERT INTO INSERIMENTO (Libro, Serie) 
VALUES ('978-88-301-0528-6', '978-00-0758-114-6');
INSERT INTO INSERIMENTO (Libro, Serie) 
VALUES ('978-88-4293-241-3', '978-88-4293-500-1');
INSERT INTO INSERIMENTO (Libro, Serie) 
VALUES ('978-88-4293-242-0', '978-88-4293-500-1');
INSERT INTO INSERIMENTO (Libro, Serie) 
VALUES ('978-88-4293-243-7', '978-88-4293-500-1');
INSERT INTO INSERIMENTO (Libro, Serie) 
VALUES ('978-88-4293-275-8', '978-88-4293-500-1');
INSERT INTO INSERIMENTO (Libro, Serie) 
VALUES ('978-88-4292-359-6', '978-88-4293-500-1');
INSERT INTO INSERIMENTO (Libro, Serie) 
VALUES ('978-88-4293-277-2', '978-88-4293-500-1');
INSERT INTO INSERIMENTO (Libro, Serie) 
VALUES ('978-88-4293-278-9', '978-88-4293-500-1');
INSERT INTO INSERIMENTO (Libro, Serie) 
VALUES ('978-88-4293-279-6', '978-88-4293-500-1');
INSERT INTO INSERIMENTO (Libro, Serie) 
VALUES ('978-88-0983-331-9', '978-88-0996-124-1');
INSERT INTO INSERIMENTO (Libro, Serie) 
VALUES ('978-88-0987-707-8', '978-88-0996-124-1');
INSERT INTO INSERIMENTO (Libro, Serie) 
VALUES ('978-88-0989-463-1', '978-88-0996-124-1');
INSERT INTO INSERIMENTO (Libro, Serie) 
VALUES ('978-88-0989-782-3', '978-88-0996-124-1');
INSERT INTO INSERIMENTO (Libro, Serie) 
VALUES ('978-16-2647-952-4', '978-16-2647-092-7');
INSERT INTO INSERIMENTO (Libro, Serie) 
VALUES ('978-16-2647-977-7', '978-16-2647-092-7');
INSERT INTO INSERIMENTO (Libro, Serie) 
VALUES ('978-16-2647-954-8', '978-16-2647-092-7');

-- COLLANA --
INSERT INTO COLLANA (Nome, Caratteristica)
VALUES ('Macabre', 'Stephen King');
INSERT INTO COLLANA (Nome, Caratteristica)
VALUES ('Always Romance', 'Rosa');
INSERT INTO COLLANA (Nome, Caratteristica)
VALUES ('Il Signore Degli Anelli', 'John R. R. Tolkien');
INSERT INTO COLLANA (Nome, Caratteristica)
VALUES ('I Classici Ritrovati', 'Classico');
INSERT INTO COLLANA (Nome, Caratteristica)
VALUES ('Didattica', 'Didattico');
INSERT INTO COLLANA (Nome, Caratteristica)
VALUES ('Le stelle del Nord', 'Editore Nord');
INSERT INTO COLLANA (Nome, Caratteristica)
VALUES ('Col fiato sospeso', 'Thriller');

-- APPARTENENZA --
INSERT INTO APPARTENENZA (ISBN, CodC)
VALUES ('978-88-4529-530-0', 1);
INSERT INTO APPARTENENZA (ISBN, CodC)
VALUES ('978-88-2009-266-5', 1);
INSERT INTO APPARTENENZA (ISBN, CodC)
VALUES ('978-88-6836-562-2', 1);
INSERT INTO APPARTENENZA (ISBN, CodC)
VALUES ('978-88-8560-312-7', 2);
INSERT INTO APPARTENENZA (ISBN, CodC)
VALUES ('978-12-8007-876-6', 2);
INSERT INTO APPARTENENZA (ISBN, CodC)
VALUES ('978-12-8007-834-6', 2);
INSERT INTO APPARTENENZA (ISBN, CodC)
VALUES ('978-88-8560-324-0', 2);
INSERT INTO APPARTENENZA (ISBN, CodC)
VALUES ('978-88-4526-834-2', 3);
INSERT INTO APPARTENENZA (ISBN, CodC)
VALUES ('978-88-301-0526-3', 3);
INSERT INTO APPARTENENZA (ISBN, CodC)
VALUES ('978-88-301-0527-0', 3);
INSERT INTO APPARTENENZA (ISBN, CodC)
VALUES ('978-88-301-0528-6', 3);
INSERT INTO APPARTENENZA (ISBN, CodC)
VALUES ('978-88-452-7240-0', 3);
INSERT INTO APPARTENENZA (ISBN, CodC)
VALUES ('978-88-6311-435-5', 4);
INSERT INTO APPARTENENZA (ISBN, CodC)
VALUES ('978-88-9543-776-7', 4);
INSERT INTO APPARTENENZA (ISBN, CodC)
VALUES ('978-85-1878-937-1', 5);
INSERT INTO APPARTENENZA (ISBN, CodC)
VALUES ('978-88-6137-869-8', 5);
INSERT INTO APPARTENENZA (ISBN, CodC)
VALUES ('978-88-5902-669-3', 5);
INSERT INTO APPARTENENZA (ISBN, CodC)
VALUES ('978-88-207-3383-4', 5);
INSERT INTO APPARTENENZA (ISBN, CodC)
VALUES ('978-88-9190-165-1', 5);
INSERT INTO APPARTENENZA (ISBN, CodC)
VALUES ('978-88-4293-241-3', 6);
INSERT INTO APPARTENENZA (ISBN, CodC)
VALUES ('978-88-4293-242-0', 6);
INSERT INTO APPARTENENZA (ISBN, CodC)
VALUES ('978-88-4293-243-7', 6);
INSERT INTO APPARTENENZA (ISBN, CodC)
VALUES ('978-88-4293-275-8', 6);
INSERT INTO APPARTENENZA (ISBN, CodC)
VALUES ('978-88-4292-359-6', 6);
INSERT INTO APPARTENENZA (ISBN, CodC)
VALUES ('978-88-4293-277-2', 6);
INSERT INTO APPARTENENZA (ISBN, CodC)
VALUES ('978-88-4293-278-9', 6);
INSERT INTO APPARTENENZA (ISBN, CodC)
VALUES ('978-88-4293-279-6', 6);
INSERT INTO APPARTENENZA (ISBN, CodC)
VALUES ('978-88-4293-481-3', 6);
INSERT INTO APPARTENENZA (ISBN, CodC)
VALUES ('978-88-0983-331-9', 7);
INSERT INTO APPARTENENZA (ISBN, CodC)
VALUES ('978-88-0987-707-8', 7);
INSERT INTO APPARTENENZA (ISBN, CodC)
VALUES ('978-88-0989-463-1', 7);
INSERT INTO APPARTENENZA (ISBN, CodC)
VALUES ('978-88-0989-782-3', 7);
INSERT INTO APPARTENENZA (ISBN, CodC)
VALUES ('978-16-2647-952-4', 7);
INSERT INTO APPARTENENZA (ISBN, CodC)
VALUES ('978-16-2647-977-7', 7);
INSERT INTO APPARTENENZA (ISBN, CodC)
VALUES ('978-16-2647-954-8', 7);

-- PRESENTAZIONE --
INSERT INTO PRESENTAZIONE (Luogo, Struttura, DataP, Ora, ISBN)
VALUES ('Piazza Antonio Stradivari 6, 26100, Cremona, Italia', 'Mondadori BookStore', '2022-03-25', '17:15', '978-12-8007-834-6');
INSERT INTO PRESENTAZIONE (Luogo, Struttura, DataP, Ora, ISBN)
VALUES ('Via Giuseppe Verdi 6, 80014, Giugliano in Campania (Na), Napoli, Italia', 'Biblioteca comunale, sala 1', '2022-12-02', '18:10', '978-12-8007-876-6');
INSERT INTO PRESENTAZIONE (Luogo, Struttura, DataP, Ora, ISBN)
VALUES ('Via IV Novembre 19, 26015, Soresina (Cr), Cremona, Italia', 'Mondadori Point', '2022-12-09', '18:10', '978-12-8007-876-6');
INSERT INTO PRESENTAZIONE (Luogo, Struttura, DataP, Ora, ISBN)
VALUES ('Via Camillo Benso Cavour 1, 29121, Piacenza, Italia', 'Feltrinelli Libreria', '2017-01-22', '19:00', '978-88-9381-618-2');
INSERT INTO PRESENTAZIONE (Luogo, Struttura, DataP, Ora, ISBN)
VALUES ('Via S. Lorenzo 82, 03100, Frosinone, Italia', 'Biblioteca S.Alfonso', '2018-12-10', '19:00', '978-88-9381-711-0');
INSERT INTO PRESENTAZIONE (Luogo, Struttura, DataP, Ora, ISBN)
VALUES ('Via Giuseppe Verdi 6, 80014, Giugliano in Campania (Na), Napoli, Italia', 'Biblioteca comunale, sala 2', '2022-07-26', '19:00', '978-88-3101-288-1');
INSERT INTO PRESENTAZIONE (Luogo, Struttura, DataP, Ora, ISBN)
VALUES ('Via S. Lorenzo 82, 03100, Frosinone, Italia', 'Biblioteca S.Alfonso, sala 4', '2013-02-02', '11:00', '978-88-452-7240-0');
INSERT INTO PRESENTAZIONE (Luogo, Struttura, DataP, Ora, ISBN)
VALUES ('Corso Giuseppe Mazzini 20, 26100, Cremona, Italia', 'Feltrinelli Libri e Musica', '2021-09-05', '11:00', '978-88-301-0528-6');
INSERT INTO PRESENTAZIONE (Luogo, Struttura, DataP, Ora, ISBN)
VALUES ('Via Camillo Benso Cavour 1, 29121, Piacenza, Italia', 'Feltrinelli Libreria, sala 1', '2013-02-06', '11:00', '978-88-452-7240-0');
INSERT INTO PRESENTAZIONE (Luogo, Struttura, DataP, Ora, ISBN)
VALUES ('Via IV Novembre 19, 26015, Soresina (Cr), Cremona, Italia', 'Mondadori Point', '2021-09-09', '11:00', '978-88-301-0528-6');

-- POSSESSO_F --
INSERT INTO POSSESSO_F (CodL, CodF, Fruizione, Quantita)
VALUES (1 , 1, 'Cartaceo', 3);
INSERT INTO POSSESSO_F (CodL, CodF, Fruizione, Quantita)
VALUES (1 , 2, 'Cartaceo', 6);
INSERT INTO POSSESSO_F (CodL, CodF, Fruizione, Quantita)
VALUES (1 , 3, 'Cartaceo', 2);
INSERT INTO POSSESSO_F (CodL, CodF, Fruizione, Quantita)
VALUES (1 , 4, 'Cartaceo', 5);
INSERT INTO POSSESSO_F (CodL, CodF, Fruizione)
VALUES (1 , 3, 'Digitale');
INSERT INTO POSSESSO_F (CodL, CodF, Fruizione)
VALUES (1 , 4, 'Digitale');
INSERT INTO POSSESSO_F (CodL, CodF, Fruizione, Quantita)
VALUES (2, 6, 'Cartaceo', 10);
INSERT INTO POSSESSO_F (CodL, CodF, Fruizione, Quantita)
VALUES (2, 7, 'Cartaceo', 7);
INSERT INTO POSSESSO_F (CodL, CodF, Fruizione, Quantita)
VALUES (2, 8, 'Cartaceo', 11);
INSERT INTO POSSESSO_F (CodL, CodF, Fruizione, Quantita)
VALUES (3, 6, 'Cartaceo', 4);
INSERT INTO POSSESSO_F (CodL, CodF, Fruizione, Quantita)
VALUES (3, 7, 'Cartaceo', 0);
INSERT INTO POSSESSO_F (CodL, CodF, Fruizione, Quantita)
VALUES (3, 8, 'Cartaceo', 15);
INSERT INTO POSSESSO_F (CodL, CodF, Fruizione)
VALUES (4, 9, 'Digitale');
INSERT INTO POSSESSO_F (CodL, CodF, Fruizione)
VALUES (4, 10, 'Digitale');
INSERT INTO POSSESSO_F (CodL, CodF, Fruizione)
VALUES (4, 11, 'Digitale');
INSERT INTO POSSESSO_F (CodL, CodF, Fruizione, Quantita)
VALUES (5, 14, 'Cartaceo', 3);
INSERT INTO POSSESSO_F (CodL, CodF, Fruizione, Quantita)
VALUES (5, 15, 'Cartaceo', 4);
INSERT INTO POSSESSO_F (CodL, CodF, Fruizione, Quantita)
VALUES (5, 16, 'Cartaceo', 5);
INSERT INTO POSSESSO_F (CodL, CodF, Fruizione, Quantita)
VALUES (5, 17, 'Cartaceo', 6);
INSERT INTO POSSESSO_F (CodL, CodF, Fruizione)
VALUES (5, 14, 'Digitale');
INSERT INTO POSSESSO_F (CodL, CodF, Fruizione)
VALUES (5, 15, 'Digitale');
INSERT INTO POSSESSO_F (CodL, CodF, Fruizione)
VALUES (5, 16, 'Digitale');
INSERT INTO POSSESSO_F (CodL, CodF, Fruizione)
VALUES (5, 17, 'Digitale');
INSERT INTO POSSESSO_F (CodL, CodF, Fruizione, Quantita)
VALUES (6 , 12, 'Cartaceo', 2);
INSERT INTO POSSESSO_F (CodL, CodF, Fruizione, Quantita)
VALUES (6 , 13, 'Cartaceo', 2);
INSERT INTO POSSESSO_F (CodL, CodF, Fruizione, Quantita)
VALUES (6 ,18 , 'Cartaceo', 11);
INSERT INTO POSSESSO_F (CodL, CodF, Fruizione, Quantita)
VALUES (6 , 19, 'Cartaceo', 3);
INSERT INTO POSSESSO_F (CodL, CodF, Fruizione, Quantita)
VALUES (7 , 1, 'Cartaceo', 9);
INSERT INTO POSSESSO_F (CodL, CodF, Fruizione, Quantita)
VALUES (7 , 2, 'Cartaceo', 0);
INSERT INTO POSSESSO_F (CodL, CodF, Fruizione, Quantita)
VALUES (7 , 3, 'Cartaceo', 3);
INSERT INTO POSSESSO_F (CodL, CodF, Fruizione, Quantita)
VALUES (7 , 4, 'Cartaceo', 4);
INSERT INTO POSSESSO_F (CodL, CodF, Fruizione)
VALUES (7 , 3, 'Digitale');
INSERT INTO POSSESSO_F (CodL, CodF, Fruizione)
VALUES (7 , 4, 'Digitale');
INSERT INTO POSSESSO_F (CodL, CodF, Fruizione, Quantita)
VALUES (8, 6, 'Cartaceo', 0);
INSERT INTO POSSESSO_F (CodL, CodF, Fruizione, Quantita)
VALUES (8, 7, 'Cartaceo', 7);
INSERT INTO POSSESSO_F (CodL, CodF, Fruizione, Quantita)
VALUES (8, 8, 'Cartaceo', 19);
INSERT INTO POSSESSO_F (CodL, CodF, Fruizione, Quantita)
VALUES (9, 6, 'Cartaceo', 6);
INSERT INTO POSSESSO_F (CodL, CodF, Fruizione, Quantita)
VALUES (9, 7, 'Cartaceo', 4);
INSERT INTO POSSESSO_F (CodL, CodF, Fruizione, Quantita)
VALUES (9, 8, 'Cartaceo', 5);
INSERT INTO POSSESSO_F (CodL, CodF, Fruizione)
VALUES (10, 9, 'Digitale');
INSERT INTO POSSESSO_F (CodL, CodF, Fruizione)
VALUES (10, 10, 'Digitale');
INSERT INTO POSSESSO_F (CodL, CodF, Fruizione)
VALUES (10, 11, 'Digitale');
INSERT INTO POSSESSO_F (CodL, CodF, Fruizione, Quantita)
VALUES (11, 14, 'Cartaceo', 7);
INSERT INTO POSSESSO_F (CodL, CodF, Fruizione, Quantita)
VALUES (11, 15, 'Cartaceo', 11);
INSERT INTO POSSESSO_F (CodL, CodF, Fruizione, Quantita)
VALUES (11, 16, 'Cartaceo', 2);
INSERT INTO POSSESSO_F (CodL, CodF, Fruizione, Quantita)
VALUES (11, 17, 'Cartaceo', 3);

-- RECENSIONE_F --
INSERT INTO RECENSIONE_F (Username, CodF, Valutazione, Preferito)
VALUES ('Admin1', 1, 4, true);
INSERT INTO RECENSIONE_F (Username, CodF, Testo)
VALUES ('Admin2', 3, 'Bello, ma non bellissimo cit. Shiva');
INSERT INTO RECENSIONE_F (Username, CodF, Preferito)
VALUES ('Morfeo13', 5, true);
INSERT INTO RECENSIONE_F (Username, CodF, Testo, Valutazione, Preferito)
VALUES ('Ilario', 7, 'Belandi che bello', 5, true);
INSERT INTO RECENSIONE_F (Username, CodF, Testo, Valutazione, Preferito)
VALUES ('Macinino45', 9, 'Bello ma poca caffeina', 3, true);
INSERT INTO RECENSIONE_F (Username, CodF, Testo, Valutazione)
VALUES ('Prosteyshiy Sputnik-1', 11, 'Fra, cambia mestiere, non ne sai niente', 1);
INSERT INTO RECENSIONE_F (Username, CodF, Valutazione)
VALUES ('Prosteyshiy Sputnik-1', 13, 2);
INSERT INTO RECENSIONE_F (Username, CodF, Preferito)
VALUES ('Ilario', 15, true);
INSERT INTO RECENSIONE_F (Username, CodF, Testo, Valutazione, Preferito)
VALUES ('ErPupone', 17, 'Magico o sto Fascicolo, ao manco fosse da Roma', 5, true);
INSERT INTO RECENSIONE_F (Username, CodF, Testo, Valutazione, Preferito)
VALUES ('Baguette', 19, 'Je dois être honnête, mieux que des baguettes', 4, true);

-- POSSESSO_L --
INSERT INTO POSSESSO_L (CodL, ISBN, Fruizione, Quantita)
VALUES (1, '978-88-3100-338-4', 'Cartaceo', 3);
INSERT INTO POSSESSO_L (CodL, ISBN, Fruizione, Quantita)
VALUES (1, '978-88-3100-339-1', 'Cartaceo', 4);
INSERT INTO POSSESSO_L (CodL, ISBN, Fruizione, Quantita)
VALUES (1, '978-88-3100-340-7', 'Cartaceo', 3);
INSERT INTO POSSESSO_L (CodL, ISBN, Fruizione, Quantita)
VALUES (1, '978-88-3100-341-4', 'Cartaceo', 5);
INSERT INTO POSSESSO_L (CodL, ISBN, Fruizione, Quantita)
VALUES (1, '978-88-3100-342-1', 'Cartaceo', 5);
INSERT INTO POSSESSO_L (CodL, ISBN, Fruizione, Quantita)
VALUES (1, '978-88-3100-343-8', 'Cartaceo', 6);
INSERT INTO POSSESSO_L (CodL, ISBN, Fruizione, Quantita)
VALUES (1, '978-88-3100-344-5', 'Cartaceo', 9);
INSERT INTO POSSESSO_L (CodL, ISBN, Fruizione, Quantita)
VALUES (2, '978-88-9381-618-2', 'Cartaceo', 3);
INSERT INTO POSSESSO_L (CodL, ISBN, Fruizione, Quantita)
VALUES (2, '978-88-9381-711-0', 'Cartaceo', 0);
INSERT INTO POSSESSO_L (CodL, ISBN, Fruizione, Quantita)
VALUES (2, '978-88-3101-288-1', 'Cartaceo', 3);
INSERT INTO POSSESSO_L (CodL, ISBN, Fruizione, Quantita)
VALUES (2, '978-88-0983-331-9', 'Cartaceo', 2);
INSERT INTO POSSESSO_L (CodL, ISBN, Fruizione, Quantita)
VALUES (2, '978-88-0987-707-8', 'Cartaceo', 9);
INSERT INTO POSSESSO_L (CodL, ISBN, Fruizione, Quantita)
VALUES (3, '978-88-301-0526-3', 'Cartaceo', 3);
INSERT INTO POSSESSO_L (CodL, ISBN, Fruizione, Quantita)
VALUES (3, '978-88-301-0527-0', 'Cartaceo', 2);
INSERT INTO POSSESSO_L (CodL, ISBN, Fruizione, Quantita)
VALUES (3, '978-88-301-0528-6', 'Cartaceo', 3);
INSERT INTO POSSESSO_L (CodL, ISBN, Fruizione, Quantita)
VALUES (4, '978-88-4529-530-0', 'Cartaceo', 3);
INSERT INTO POSSESSO_L (CodL, ISBN, Fruizione)
VALUES (4, '978-88-2009-266-5', 'Digitale');
INSERT INTO POSSESSO_L (CodL, ISBN, Fruizione, Quantita)
VALUES (4, '978-16-2647-952-4', 'Cartaceo', 2);
INSERT INTO POSSESSO_L (CodL, ISBN, Fruizione, Quantita)
VALUES (4, '978-16-2647-977-7', 'Cartaceo', 2);
INSERT INTO POSSESSO_L (CodL, ISBN, Fruizione, Quantita)
VALUES (4, '978-16-2647-954-8', 'Cartaceo', 2);
INSERT INTO POSSESSO_L (CodL, ISBN, Fruizione)
VALUES (5, '978-88-6836-562-2', 'AudioLibro');
INSERT INTO POSSESSO_L (CodL, ISBN, Fruizione)
VALUES (5, '978-88-9543-776-7', 'Digitale');
INSERT INTO POSSESSO_L (CodL, ISBN, Fruizione, Quantita)
VALUES (6, '978-88-6311-435-5', 'Cartaceo', 5);
INSERT INTO POSSESSO_L (CodL, ISBN, Fruizione)
VALUES (6, '978-88-301-0528-6', 'Digitale');
INSERT INTO POSSESSO_L (CodL, ISBN, Fruizione)
VALUES (7, '978-88-6137-869-8', 'AudioLibro');
INSERT INTO POSSESSO_L (CodL, ISBN, Fruizione)
VALUES (7, '978-88-452-7240-0', 'Digitale');
INSERT INTO POSSESSO_L (CodL, ISBN, Fruizione)
VALUES (8, '978-85-1878-937-1', 'AudioLibro');
INSERT INTO POSSESSO_L (CodL, ISBN, Fruizione, Quantita)
VALUES (8, '978-88-452-7240-0', 'Cartaceo', 9);
INSERT INTO POSSESSO_L (CodL, ISBN, Fruizione)
VALUES (9, '978-88-9190-165-1', 'Digitale');
INSERT INTO POSSESSO_L (CodL, ISBN, Fruizione, Quantita)
VALUES (9, '978-12-8007-876-6', 'Cartaceo', 5);
INSERT INTO POSSESSO_L (CodL, ISBN, Fruizione, Quantita)
VALUES (10, '978-88-9190-165-1', 'Cartaceo', 2);
INSERT INTO POSSESSO_L (CodL, ISBN, Fruizione)
VALUES (10, '978-12-8007-876-6', 'Digitale');
INSERT INTO POSSESSO_L (CodL, ISBN, Fruizione)
VALUES (10, '978-88-4293-241-3', 'Digitale');
INSERT INTO POSSESSO_L (CodL, ISBN, Fruizione)
VALUES (10, '978-88-4293-242-0', 'Digitale');
INSERT INTO POSSESSO_L (CodL, ISBN, Fruizione)
VALUES (10, '978-88-4293-243-7', 'Digitale');
INSERT INTO POSSESSO_L (CodL, ISBN, Fruizione)
VALUES (10, '978-88-4293-275-8', 'Digitale');
INSERT INTO POSSESSO_L (CodL, ISBN, Fruizione)
VALUES (10, '978-88-4292-359-6', 'Digitale');
INSERT INTO POSSESSO_L (CodL, ISBN, Fruizione)
VALUES (10, '978-88-4293-277-2', 'Digitale');
INSERT INTO POSSESSO_L (CodL, ISBN, Fruizione)
VALUES (10, '978-88-4293-278-9', 'Digitale');
INSERT INTO POSSESSO_L (CodL, ISBN, Fruizione)
VALUES (10, '978-88-4293-279-6', 'Digitale');
INSERT INTO POSSESSO_L (CodL, ISBN, Fruizione)
VALUES (10, '978-88-4293-481-3', 'Digitale');
INSERT INTO POSSESSO_L (CodL, ISBN, Fruizione, Quantita)
VALUES (11, '978-12-8007-834-6', 'Cartaceo', 7);
INSERT INTO POSSESSO_L (CodL, ISBN, Fruizione)
VALUES (11, '978-12-8007-834-6', 'AudioLibro');
INSERT INTO POSSESSO_L (CodL, ISBN, Fruizione, Quantita)
VALUES (11, '978-16-2647-952-4', 'Cartaceo', 3);
INSERT INTO POSSESSO_L (CodL, ISBN, Fruizione, Quantita)
VALUES (11, '978-16-2647-977-7', 'Cartaceo', 5);
INSERT INTO POSSESSO_L (CodL, ISBN, Fruizione, Quantita)
VALUES (11, '978-16-2647-954-8', 'Cartaceo', 2);

-- RECENSIONE_L --
INSERT INTO RECENSIONE_L (Username, ISBN, Testo, Valutazione, Preferito)
VALUES ('Benriz', '978-88-6311-435-5', 'Davvero Bello!', 5, true);
INSERT INTO RECENSIONE_L (Username, ISBN, Testo, Valutazione)
VALUES ('Etzio', '978-88-6311-435-5', 'Non mi è piaciuto :C', 1);
INSERT INTO RECENSIONE_L (Username, ISBN, Testo, Valutazione)
VALUES ('DonRodrigo', '978-88-6137-869-8', 'Brutto', 2);
INSERT INTO RECENSIONE_L (Username, ISBN, Testo, Valutazione, Preferito)
VALUES ('ConteDiCavour', '978-88-9190-165-1', 'Mi consenta, Davvero S-U-P-E-R-B-O-!', 5, true);
INSERT INTO RECENSIONE_L (Username, ISBN, Testo, Valutazione)
VALUES ('Porticata', '978-12-8007-834-6', 'DAVVERO, CON STO LIBRO, MI SI è CHIUSO UN PORTONE', 2);
INSERT INTO RECENSIONE_L (Username, ISBN, Preferito)
VALUES ('Cruzz_o_portier', '978-88-301-0526-3', true);
INSERT INTO RECENSIONE_L (Username, ISBN, Preferito)
VALUES ('Bocciolo', '978-88-301-0526-3', true);
INSERT INTO RECENSIONE_L (Username, ISBN, Testo, Valutazione, Preferito)
VALUES ('Alfreducciopanevino', '978-88-3101-288-1', 'Bello da leggere mentre sto bloccato in Germania', 4, true);
INSERT INTO RECENSIONE_L (Username, ISBN, Preferito)
VALUES ('Macinino45', '978-88-3100-340-7', true);
INSERT INTO RECENSIONE_L (Username, ISBN, Testo, Valutazione, Preferito)
VALUES ('ImpastoLievitato', '978-88-9543-776-7', 'Davvero ben cresciuto!', 4, true);

-- RECENSIONE_S --
INSERT INTO RECENSIONE_S (Username, ISBN, Testo, Valutazione, Preferito)
VALUES ('Flomil', '978-88-3101-382-6', 'Davvero bello!', 4, true);
INSERT INTO RECENSIONE_S (Username, ISBN, Testo, Valutazione)
VALUES ('Corinnio', '978-88-3100-010-9', 'Non mi è piaciuto.', 2);
INSERT INTO RECENSIONE_S (Username, ISBN, Testo, Valutazione, Preferito)
VALUES ('CatCat', '978-00-0758-114-6', 'UWU', 5, true);
INSERT INTO RECENSIONE_S (Username, ISBN, Testo, Valutazione)
VALUES ('Imma', '978-88-3101-382-6', 'Non mi esprimo...', 1);
INSERT INTO RECENSIONE_S (Username, ISBN, Testo, Valutazione, Preferito)
VALUES ('Leoncino', '978-88-3100-010-9', 'Davvero carino :3', 4, true);